{"head": {"link": [], "vars": ["river", "length"]}, "results": {"distinct": false, "ordered": true, "bindings": [{"river": {"type": "uri", "value": "http://dbpedia.org/resource/Susquehanna_River"}, "length": {"type": "typed-literal", "datatype": "http://www.w3.org/2001/XMLSchema#double", "value": "746736.0"}}, {"river": {"type": "uri", "value": "http://dbpedia.org/resource/Wye_River_(Maryland)"}, "length": {"type": "typed-literal", "datatype": "http://www.w3.org/2001/XMLSchema#double", "value": "26232.3"}}, {"river": {"type": "uri", "value": "http://dbpedia.org/resource/Northeast_Branch_Anacostia_River"}, "length": {"type": "typed-literal", "datatype": "http://www.w3.org/2001/XMLSchema#double", "value": "4828.03"}}, {"river": {"type": "uri", "value": "http://dbpedia.org/resource/Northwest_Branch_Anacostia_River"}, "length": {"type": "typed-literal", "datatype": "http://www.w3.org/2001/XMLSchema#double", "value": "34600.9"}}, {"river": {"type": "uri", "value": "http://dbpedia.org/resource/Chesapeake_Bay"}, "length": {"type": "typed-literal", "datatype": "http://www.w3.org/2001/XMLSchema#double", "value": "321869.0"}}, {"river": {"type": "uri", "value": "http://dbpedia.org/resource/Delaware_River"}, "length": {"type": "typed-literal", "datatype": "http://www.w3.org/2001/XMLSchema#double", "value": "484413.0"}}, {"river": {"type": "uri", "value": "http://dbpedia.org/resource/Back_River_(Maryland)"}, "length": {"type": "typed-literal", "datatype": "http://www.w3.org/2001/XMLSchema#double", "value": "14484.1"}}, {"river": {"type": "uri", "value": "http://dbpedia.org/resource/Magothy_River"}, "length": {"type": "typed-literal", "datatype": "http://www.w3.org/2001/XMLSchema#double", "value": "19473.1"}}, {"river": {"type": "uri", "value": "http://dbpedia.org/resource/Patuxent_River"}, "length": {"type": "typed-literal", "datatype": "http://www.w3.org/2001/XMLSchema#double", "value": "185075.0"}}, {"river": {"type": "uri", "value": "http://dbpedia.org/resource/Potomac_River"}, "length": {"type": "typed-literal", "datatype": "http://www.w3.org/2001/XMLSchema#double", "value": "651784.0"}}, {"river": {"type": "uri", "value": "http://dbpedia.org/resource/Wicomico_River_(Maryland_eastern_shore)"}, "length": {"type": "typed-literal", "datatype": "http://www.w3.org/2001/XMLSchema#double", "value": "39268.0"}}, {"river": {"type": "uri", "value": "http://dbpedia.org/resource/Anacostia_River"}, "length": {"type": "typed-literal", "datatype": "http://www.w3.org/2001/XMLSchema#double", "value": "13518.5"}}, {"river": {"type": "uri", "value": "http://dbpedia.org/resource/Choptank_River"}, "length": {"type": "typed-literal", "datatype": "http://www.w3.org/2001/XMLSchema#double", "value": "114263.0"}}, {"river": {"type": "uri", "value": "http://dbpedia.org/resource/Monocacy_River"}, "length": {"type": "typed-literal", "datatype": "http://www.w3.org/2001/XMLSchema#double", "value": "93342.0"}}, {"river": {"type": "uri", "value": "http://dbpedia.org/resource/Pocomoke_River"}, "length": {"type": "typed-literal", "datatype": "http://www.w3.org/2001/XMLSchema#double", "value": "106217.0"}}, {"river": {"type": "uri", "value": "http://dbpedia.org/resource/Christina_River"}, "length": {"type": "typed-literal", "datatype": "http://www.w3.org/2001/XMLSchema#double", "value": "56327.0"}}, {"river": {"type": "uri", "value": "http://dbpedia.org/resource/Youghiogheny_River"}, "length": {"type": "typed-literal", "datatype": "http://www.w3.org/2001/XMLSchema#double", "value": "212433.0"}}, {"river": {"type": "uri", "value": "http://dbpedia.org/resource/Sligo_Creek"}, "length": {"type": "typed-literal", "datatype": "http://www.w3.org/2001/XMLSchema#double", "value": "14645.0"}}, {"river": {"type": "uri", "value": "http://dbpedia.org/resource/Little_Blackwater_River_(Maryland)"}, "length": {"type": "typed-literal", "datatype": "http://www.w3.org/2001/XMLSchema#double", "value": "24140.2"}}, {"river": {"type": "uri", "value": "http://dbpedia.org/resource/Herring_Run"}, "length": {"type": "typed-literal", "datatype": "http://www.w3.org/2001/XMLSchema#double", "value": "17863.7"}}, {"river": {"type": "uri", "value": "http://dbpedia.org/resource/Broad_Creek_(Susquehanna_River_tributary)"}, "length": {"type": "typed-literal", "datatype": "http://www.w3.org/2001/XMLSchema#double", "value": "27358.8"}}, {"river": {"type": "uri", "value": "http://dbpedia.org/resource/Watts_Branch_(Potomac_River_tributary)"}, "length": {"type": "typed-literal", "datatype": "http://www.w3.org/2001/XMLSchema#double", "value": "18024.7"}}, {"river": {"type": "uri", "value": "http://dbpedia.org/resource/Linganore_Creek"}}, {"river": {"type": "uri", "value": "http://dbpedia.org/resource/Curtis_Creek"}}, {"river": {"type": "uri", "value": "http://dbpedia.org/resource/Gunpowder_River"}}, {"river": {"type": "uri", "value": "http://dbpedia.org/resource/Bird_River"}}, {"river": {"type": "uri", "value": "http://dbpedia.org/resource/Chester_River"}}, {"river": {"type": "uri", "value": "http://dbpedia.org/resource/Patapsco_River"}}, {"river": {"type": "uri", "value": "http://dbpedia.org/resource/South_River_(Maryland)"}}, {"river": {"type": "uri", "value": "http://dbpedia.org/resource/Blackwater_River_(Maryland)"}}, {"river": {"type": "uri", "value": "http://dbpedia.org/resource/Piscataway_Creek"}}, {"river": {"type": "uri", "value": "http://dbpedia.org/resource/Jennings_Run"}}, {"river": {"type": "uri", "value": "http://dbpedia.org/resource/Severn_River_(Maryland)"}}, {"river": {"type": "uri", "value": "http://dbpedia.org/resource/Little_Choptank_River"}}, {"river": {"type": "uri", "value": "http://dbpedia.org/resource/Tred_Avon_River"}}, {"river": {"type": "uri", "value": "http://dbpedia.org/resource/Jones_Falls"}}, {"river": {"type": "uri", "value": "http://dbpedia.org/resource/Big_Annemessex_River"}}, {"river": {"type": "uri", "value": "http://dbpedia.org/resource/Corsica_River"}}, {"river": {"type": "uri", "value": "http://dbpedia.org/resource/Honga_River"}}, {"river": {"type": "uri", "value": "http://dbpedia.org/resource/Deep_Run_(Big_Pipe_Creek)"}}, {"river": {"type": "uri", "value": "http://dbpedia.org/resource/Deep_Run_(Fifteenmile_Creek)"}}, {"river": {"type": "uri", "value": "http://dbpedia.org/resource/Deep_Run_(Jones_Falls)"}}, {"river": {"type": "uri", "value": "http://dbpedia.org/resource/Deep_Run_(North_Branch_Patapsco_River)"}}, {"river": {"type": "uri", "value": "http://dbpedia.org/resource/Toms_Creek_(Monocacy_River_tributary)"}}, {"river": {"type": "uri", "value": "http://dbpedia.org/resource/Alloway_Creek_(Monocacy_River_tributary)"}}]}}