{"head": {"link": [], "vars": ["state", "rivers"]}, "results": {"distinct": false, "ordered": true, "bindings": [{"state": {"type": "uri", "value": "http://dbpedia.org/resource/Alabama"}, "rivers": {"type": "typed-literal", "datatype": "http://www.w3.org/2001/XMLSchema#integer", "value": "10"}}, {"state": {"type": "uri", "value": "http://dbpedia.org/resource/Alaska"}, "rivers": {"type": "typed-literal", "datatype": "http://www.w3.org/2001/XMLSchema#integer", "value": "162"}}, {"state": {"type": "uri", "value": "http://dbpedia.org/resource/Arizona"}, "rivers": {"type": "typed-literal", "datatype": "http://www.w3.org/2001/XMLSchema#integer", "value": "18"}}, {"state": {"type": "uri", "value": "http://dbpedia.org/resource/Arkansas"}, "rivers": {"type": "typed-literal", "datatype": "http://www.w3.org/2001/XMLSchema#integer", "value": "28"}}, {"state": {"type": "uri", "value": "http://dbpedia.org/resource/California"}, "rivers": {"type": "typed-literal", "datatype": "http://www.w3.org/2001/XMLSchema#integer", "value": "352"}}, {"state": {"type": "uri", "value": "http://dbpedia.org/resource/Colorado"}, "rivers": {"type": "typed-literal", "datatype": "http://www.w3.org/2001/XMLSchema#integer", "value": "30"}}, {"state": {"type": "uri", "value": "http://dbpedia.org/resource/Connecticut"}, "rivers": {"type": "typed-literal", "datatype": "http://www.w3.org/2001/XMLSchema#integer", "value": "23"}}, {"state": {"type": "uri", "value": "http://dbpedia.org/resource/Delaware"}, "rivers": {"type": "typed-literal", "datatype": "http://www.w3.org/2001/XMLSchema#integer", "value": "13"}}, {"state": {"type": "uri", "value": "http://dbpedia.org/resource/Florida"}, "rivers": {"type": "typed-literal", "datatype": "http://www.w3.org/2001/XMLSchema#integer", "value": "16"}}, {"state": {"type": "uri", "value": "http://dbpedia.org/resource/Georgia_(U.S._state)"}, "rivers": {"type": "typed-literal", "datatype": "http://www.w3.org/2001/XMLSchema#integer", "value": "10"}}, {"state": {"type": "uri", "value": "http://dbpedia.org/resource/Hawaii"}, "rivers": {"type": "typed-literal", "datatype": "http://www.w3.org/2001/XMLSchema#integer", "value": "4"}}, {"state": {"type": "uri", "value": "http://dbpedia.org/resource/Idaho"}, "rivers": {"type": "typed-literal", "datatype": "http://www.w3.org/2001/XMLSchema#integer", "value": "65"}}, {"state": {"type": "uri", "value": "http://dbpedia.org/resource/Illinois"}, "rivers": {"type": "typed-literal", "datatype": "http://www.w3.org/2001/XMLSchema#integer", "value": "17"}}, {"state": {"type": "uri", "value": "http://dbpedia.org/resource/Indiana"}, "rivers": {"type": "typed-literal", "datatype": "http://www.w3.org/2001/XMLSchema#integer", "value": "17"}}, {"state": {"type": "uri", "value": "http://dbpedia.org/resource/Iowa"}, "rivers": {"type": "typed-literal", "datatype": "http://www.w3.org/2001/XMLSchema#integer", "value": "39"}}, {"state": {"type": "uri", "value": "http://dbpedia.org/resource/Kansas"}, "rivers": {"type": "typed-literal", "datatype": "http://www.w3.org/2001/XMLSchema#integer", "value": "45"}}, {"state": {"type": "uri", "value": "http://dbpedia.org/resource/Kentucky"}, "rivers": {"type": "typed-literal", "datatype": "http://www.w3.org/2001/XMLSchema#integer", "value": "10"}}, {"state": {"type": "uri", "value": "http://dbpedia.org/resource/Louisiana"}, "rivers": {"type": "typed-literal", "datatype": "http://www.w3.org/2001/XMLSchema#integer", "value": "17"}}, {"state": {"type": "uri", "value": "http://dbpedia.org/resource/Maine"}, "rivers": {"type": "typed-literal", "datatype": "http://www.w3.org/2001/XMLSchema#integer", "value": "9"}}, {"state": {"type": "uri", "value": "http://dbpedia.org/resource/Maryland"}, "rivers": {"type": "typed-literal", "datatype": "http://www.w3.org/2001/XMLSchema#integer", "value": "45"}}, {"state": {"type": "uri", "value": "http://dbpedia.org/resource/Massachusetts"}, "rivers": {"type": "typed-literal", "datatype": "http://www.w3.org/2001/XMLSchema#integer", "value": "20"}}, {"state": {"type": "uri", "value": "http://dbpedia.org/resource/Michigan"}, "rivers": {"type": "typed-literal", "datatype": "http://www.w3.org/2001/XMLSchema#integer", "value": "37"}}, {"state": {"type": "uri", "value": "http://dbpedia.org/resource/Minnesota"}, "rivers": {"type": "typed-literal", "datatype": "http://www.w3.org/2001/XMLSchema#integer", "value": "33"}}, {"state": {"type": "uri", "value": "http://dbpedia.org/resource/Mississippi"}, "rivers": {"type": "typed-literal", "datatype": "http://www.w3.org/2001/XMLSchema#integer", "value": "11"}}, {"state": {"type": "uri", "value": "http://dbpedia.org/resource/Missouri"}, "rivers": {"type": "typed-literal", "datatype": "http://www.w3.org/2001/XMLSchema#integer", "value": "106"}}, {"state": {"type": "uri", "value": "http://dbpedia.org/resource/Montana"}, "rivers": {"type": "typed-literal", "datatype": "http://www.w3.org/2001/XMLSchema#integer", "value": "34"}}, {"state": {"type": "uri", "value": "http://dbpedia.org/resource/Nebraska"}, "rivers": {"type": "typed-literal", "datatype": "http://www.w3.org/2001/XMLSchema#integer", "value": "16"}}, {"state": {"type": "uri", "value": "http://dbpedia.org/resource/Nevada"}, "rivers": {"type": "typed-literal", "datatype": "http://www.w3.org/2001/XMLSchema#integer", "value": "27"}}, {"state": {"type": "uri", "value": "http://dbpedia.org/resource/New_Hampshire"}, "rivers": {"type": "typed-literal", "datatype": "http://www.w3.org/2001/XMLSchema#integer", "value": "10"}}, {"state": {"type": "uri", "value": "http://dbpedia.org/resource/New_Jersey"}, "rivers": {"type": "typed-literal", "datatype": "http://www.w3.org/2001/XMLSchema#integer", "value": "33"}}, {"state": {"type": "uri", "value": "http://dbpedia.org/resource/New_Mexico"}, "rivers": {"type": "typed-literal", "datatype": "http://www.w3.org/2001/XMLSchema#integer", "value": "24"}}, {"state": {"type": "uri", "value": "http://dbpedia.org/resource/New_York"}, "rivers": {"type": "typed-literal", "datatype": "http://www.w3.org/2001/XMLSchema#integer", "value": "0"}}, {"state": {"type": "uri", "value": "http://dbpedia.org/resource/North_Carolina"}, "rivers": {"type": "typed-literal", "datatype": "http://www.w3.org/2001/XMLSchema#integer", "value": "29"}}, {"state": {"type": "uri", "value": "http://dbpedia.org/resource/North_Dakota"}, "rivers": {"type": "typed-literal", "datatype": "http://www.w3.org/2001/XMLSchema#integer", "value": "9"}}, {"state": {"type": "uri", "value": "http://dbpedia.org/resource/Ohio"}, "rivers": {"type": "typed-literal", "datatype": "http://www.w3.org/2001/XMLSchema#integer", "value": "21"}}, {"state": {"type": "uri", "value": "http://dbpedia.org/resource/Oklahoma"}, "rivers": {"type": "typed-literal", "datatype": "http://www.w3.org/2001/XMLSchema#integer", "value": "11"}}, {"state": {"type": "uri", "value": "http://dbpedia.org/resource/Oregon"}, "rivers": {"type": "typed-literal", "datatype": "http://www.w3.org/2001/XMLSchema#integer", "value": "287"}}, {"state": {"type": "uri", "value": "http://dbpedia.org/resource/Pennsylvania"}, "rivers": {"type": "typed-literal", "datatype": "http://www.w3.org/2001/XMLSchema#integer", "value": "88"}}, {"state": {"type": "uri", "value": "http://dbpedia.org/resource/Rhode_Island"}, "rivers": {"type": "typed-literal", "datatype": "http://www.w3.org/2001/XMLSchema#integer", "value": "2"}}, {"state": {"type": "uri", "value": "http://dbpedia.org/resource/South_Carolina"}, "rivers": {"type": "typed-literal", "datatype": "http://www.w3.org/2001/XMLSchema#integer", "value": "10"}}, {"state": {"type": "uri", "value": "http://dbpedia.org/resource/South_Dakota"}, "rivers": {"type": "typed-literal", "datatype": "http://www.w3.org/2001/XMLSchema#integer", "value": "6"}}, {"state": {"type": "uri", "value": "http://dbpedia.org/resource/Tennessee"}, "rivers": {"type": "typed-literal", "datatype": "http://www.w3.org/2001/XMLSchema#integer", "value": "21"}}, {"state": {"type": "uri", "value": "http://dbpedia.org/resource/Texas"}, "rivers": {"type": "typed-literal", "datatype": "http://www.w3.org/2001/XMLSchema#integer", "value": "32"}}, {"state": {"type": "uri", "value": "http://dbpedia.org/resource/U.S._state"}, "rivers": {"type": "typed-literal", "datatype": "http://www.w3.org/2001/XMLSchema#integer", "value": "0"}}, {"state": {"type": "uri", "value": "http://dbpedia.org/resource/Utah"}, "rivers": {"type": "typed-literal", "datatype": "http://www.w3.org/2001/XMLSchema#integer", "value": "28"}}, {"state": {"type": "uri", "value": "http://dbpedia.org/resource/Vermont"}, "rivers": {"type": "typed-literal", "datatype": "http://www.w3.org/2001/XMLSchema#integer", "value": "12"}}, {"state": {"type": "uri", "value": "http://dbpedia.org/resource/Virginia"}, "rivers": {"type": "typed-literal", "datatype": "http://www.w3.org/2001/XMLSchema#integer", "value": "29"}}, {"state": {"type": "uri", "value": "http://dbpedia.org/resource/Washington_(state)"}, "rivers": {"type": "typed-literal", "datatype": "http://www.w3.org/2001/XMLSchema#integer", "value": "111"}}, {"state": {"type": "uri", "value": "http://dbpedia.org/resource/West_Virginia"}, "rivers": {"type": "typed-literal", "datatype": "http://www.w3.org/2001/XMLSchema#integer", "value": "98"}}, {"state": {"type": "uri", "value": "http://dbpedia.org/resource/Wisconsin"}, "rivers": {"type": "typed-literal", "datatype": "http://www.w3.org/2001/XMLSchema#integer", "value": "22"}}, {"state": {"type": "uri", "value": "http://dbpedia.org/resource/Wyoming"}, "rivers": {"type": "typed-literal", "datatype": "http://www.w3.org/2001/XMLSchema#integer", "value": "32"}}]}}