{"head": {"link": [], "vars": ["river"]}, "results": {"distinct": false, "ordered": true, "bindings": [{"river": {"type": "uri", "value": "http://dbpedia.org/resource/Susquehanna_River"}}, {"river": {"type": "uri", "value": "http://dbpedia.org/resource/Back_River_(Maryland)"}}, {"river": {"type": "uri", "value": "http://dbpedia.org/resource/Gunpowder_River"}}, {"river": {"type": "uri", "value": "http://dbpedia.org/resource/Magothy_River"}}, {"river": {"type": "uri", "value": "http://dbpedia.org/resource/Patuxent_River"}}, {"river": {"type": "uri", "value": "http://dbpedia.org/resource/Potomac_River"}}, {"river": {"type": "uri", "value": "http://dbpedia.org/resource/Wicomico_River_(Maryland_eastern_shore)"}}, {"river": {"type": "uri", "value": "http://dbpedia.org/resource/Chester_River"}}, {"river": {"type": "uri", "value": "http://dbpedia.org/resource/Choptank_River"}}, {"river": {"type": "uri", "value": "http://dbpedia.org/resource/Patapsco_River"}}, {"river": {"type": "uri", "value": "http://dbpedia.org/resource/South_River_(Maryland)"}}, {"river": {"type": "uri", "value": "http://dbpedia.org/resource/Severn_River_(Maryland)"}}, {"river": {"type": "uri", "value": "http://dbpedia.org/resource/Honga_River"}}]}}