{"head": {"link": [], "vars": ["river", "waterBody"]}, "results": {"distinct": false, "ordered": true, "bindings": [{"river": {"type": "uri", "value": "http://dbpedia.org/resource/Susquehanna_River"}, "waterBody": {"type": "uri", "value": "http://dbpedia.org/resource/Atlantic_Ocean"}}, {"river": {"type": "uri", "value": "http://dbpedia.org/resource/Northeast_Branch_Anacostia_River"}, "waterBody": {"type": "uri", "value": "http://dbpedia.org/resource/Atlantic_Ocean"}}, {"river": {"type": "uri", "value": "http://dbpedia.org/resource/Northwest_Branch_Anacostia_River"}, "waterBody": {"type": "uri", "value": "http://dbpedia.org/resource/Atlantic_Ocean"}}, {"river": {"type": "uri", "value": "http://dbpedia.org/resource/Chesapeake_Bay"}, "waterBody": {"type": "uri", "value": "http://dbpedia.org/resource/Atlantic_Ocean"}}, {"river": {"type": "uri", "value": "http://dbpedia.org/resource/Linganore_Creek"}, "waterBody": {"type": "uri", "value": "http://dbpedia.org/resource/Atlantic_Ocean"}}, {"river": {"type": "uri", "value": "http://dbpedia.org/resource/Delaware_River"}, "waterBody": {"type": "uri", "value": "http://dbpedia.org/resource/Delaware_Bay"}}, {"river": {"type": "uri", "value": "http://dbpedia.org/resource/Back_River_(Maryland)"}, "waterBody": {"type": "uri", "value": "http://dbpedia.org/resource/Atlantic_Ocean"}}, {"river": {"type": "uri", "value": "http://dbpedia.org/resource/Curtis_Creek"}, "waterBody": {"type": "uri", "value": "http://dbpedia.org/resource/Curtis_Bay,_Maryland_(body_of_water)"}}, {"river": {"type": "uri", "value": "http://dbpedia.org/resource/Gunpowder_River"}, "waterBody": {"type": "uri", "value": "http://dbpedia.org/resource/Atlantic_Ocean"}}, {"river": {"type": "uri", "value": "http://dbpedia.org/resource/Magothy_River"}, "waterBody": {"type": "uri", "value": "http://dbpedia.org/resource/Atlantic_Ocean"}}, {"river": {"type": "uri", "value": "http://dbpedia.org/resource/Patuxent_River"}, "waterBody": {"type": "uri", "value": "http://dbpedia.org/resource/Atlantic_Ocean"}}, {"river": {"type": "uri", "value": "http://dbpedia.org/resource/Potomac_River"}, "waterBody": {"type": "uri", "value": "http://dbpedia.org/resource/Atlantic_Ocean"}}, {"river": {"type": "uri", "value": "http://dbpedia.org/resource/Wicomico_River_(Maryland_eastern_shore)"}, "waterBody": {"type": "uri", "value": "http://dbpedia.org/resource/Atlantic_Ocean"}}, {"river": {"type": "uri", "value": "http://dbpedia.org/resource/Bird_River"}, "waterBody": {"type": "uri", "value": "http://dbpedia.org/resource/Atlantic_Ocean"}}, {"river": {"type": "uri", "value": "http://dbpedia.org/resource/Anacostia_River"}, "waterBody": {"type": "uri", "value": "http://dbpedia.org/resource/Atlantic_Ocean"}}, {"river": {"type": "uri", "value": "http://dbpedia.org/resource/Chester_River"}, "waterBody": {"type": "uri", "value": "http://dbpedia.org/resource/Atlantic_Ocean"}}, {"river": {"type": "uri", "value": "http://dbpedia.org/resource/Choptank_River"}, "waterBody": {"type": "uri", "value": "http://dbpedia.org/resource/Atlantic_Ocean"}}, {"river": {"type": "uri", "value": "http://dbpedia.org/resource/Monocacy_River"}, "waterBody": {"type": "uri", "value": "http://dbpedia.org/resource/Atlantic_Ocean"}}, {"river": {"type": "uri", "value": "http://dbpedia.org/resource/Patapsco_River"}, "waterBody": {"type": "uri", "value": "http://dbpedia.org/resource/Atlantic_Ocean"}}, {"river": {"type": "uri", "value": "http://dbpedia.org/resource/Pocomoke_River"}, "waterBody": {"type": "uri", "value": "http://dbpedia.org/resource/Pocomoke_Sound"}}, {"river": {"type": "uri", "value": "http://dbpedia.org/resource/Christina_River"}, "waterBody": {"type": "uri", "value": "http://dbpedia.org/resource/Delaware_Bay"}}, {"river": {"type": "uri", "value": "http://dbpedia.org/resource/Youghiogheny_River"}, "waterBody": {"type": "uri", "value": "http://dbpedia.org/resource/Gulf_of_Mexico"}}, {"river": {"type": "uri", "value": "http://dbpedia.org/resource/Sligo_Creek"}, "waterBody": {"type": "uri", "value": "http://dbpedia.org/resource/Atlantic_Ocean"}}, {"river": {"type": "uri", "value": "http://dbpedia.org/resource/South_River_(Maryland)"}, "waterBody": {"type": "uri", "value": "http://dbpedia.org/resource/Atlantic_Ocean"}}, {"river": {"type": "uri", "value": "http://dbpedia.org/resource/Blackwater_River_(Maryland)"}, "waterBody": {"type": "uri", "value": "http://dbpedia.org/resource/Fishing_Bay"}}, {"river": {"type": "uri", "value": "http://dbpedia.org/resource/Little_Blackwater_River_(Maryland)"}, "waterBody": {"type": "uri", "value": "http://dbpedia.org/resource/Fishing_Bay"}}, {"river": {"type": "uri", "value": "http://dbpedia.org/resource/Piscataway_Creek"}, "waterBody": {"type": "uri", "value": "http://dbpedia.org/resource/Atlantic_Ocean"}}, {"river": {"type": "uri", "value": "http://dbpedia.org/resource/Severn_River_(Maryland)"}, "waterBody": {"type": "uri", "value": "http://dbpedia.org/resource/Atlantic_Ocean"}}, {"river": {"type": "uri", "value": "http://dbpedia.org/resource/Tred_Avon_River"}, "waterBody": {"type": "uri", "value": "http://dbpedia.org/resource/Atlantic_Ocean"}}, {"river": {"type": "uri", "value": "http://dbpedia.org/resource/Jones_Falls"}, "waterBody": {"type": "uri", "value": "http://dbpedia.org/resource/Baltimore_Inner_Harbor"}}, {"river": {"type": "uri", "value": "http://dbpedia.org/resource/Corsica_River"}, "waterBody": {"type": "uri", "value": "http://dbpedia.org/resource/Atlantic_Ocean"}}, {"river": {"type": "uri", "value": "http://dbpedia.org/resource/Honga_River"}, "waterBody": {"type": "uri", "value": "http://dbpedia.org/resource/Atlantic_Ocean"}}, {"river": {"type": "uri", "value": "http://dbpedia.org/resource/Broad_Creek_(Susquehanna_River_tributary)"}, "waterBody": {"type": "uri", "value": "http://dbpedia.org/resource/Conowingo_Dam"}}, {"river": {"type": "uri", "value": "http://dbpedia.org/resource/Watts_Branch_(Potomac_River_tributary)"}, "waterBody": {"type": "uri", "value": "http://dbpedia.org/resource/Atlantic_Ocean"}}, {"river": {"type": "uri", "value": "http://dbpedia.org/resource/Toms_Creek_(Monocacy_River_tributary)"}, "waterBody": {"type": "uri", "value": "http://dbpedia.org/resource/Atlantic_Ocean"}}, {"river": {"type": "uri", "value": "http://dbpedia.org/resource/Alloway_Creek_(Monocacy_River_tributary)"}, "waterBody": {"type": "uri", "value": "http://dbpedia.org/resource/Atlantic_Ocean"}}]}}