{"head": {"link": [], "vars": ["waterBody", "rivers", "example"]}, "results": {"distinct": false, "ordered": true, "bindings": [{"waterBody": {"type": "uri", "value": "http://dbpedia.org/resource/Pacific_Ocean"}, "rivers": {"type": "typed-literal", "datatype": "http://www.w3.org/2001/XMLSchema#integer", "value": "441"}, "example": {"type": "uri", "value": "http://dbpedia.org/resource/Snake_River"}}, {"waterBody": {"type": "uri", "value": "http://dbpedia.org/resource/Gulf_of_Mexico"}, "rivers": {"type": "typed-literal", "datatype": "http://www.w3.org/2001/XMLSchema#integer", "value": "350"}, "example": {"type": "uri", "value": "http://dbpedia.org/resource/Sweetwater_River_(Wyoming)"}}, {"waterBody": {"type": "uri", "value": "http://dbpedia.org/resource/Atlantic_Ocean"}, "rivers": {"type": "typed-literal", "datatype": "http://www.w3.org/2001/XMLSchema#integer", "value": "73"}, "example": {"type": "uri", "value": "http://dbpedia.org/resource/Susquehanna_River"}}, {"waterBody": {"type": "uri", "value": "http://dbpedia.org/resource/Bering_Sea"}, "rivers": {"type": "typed-literal", "datatype": "http://www.w3.org/2001/XMLSchema#integer", "value": "49"}, "example": {"type": "uri", "value": "http://dbpedia.org/resource/Salcha_River"}}, {"waterBody": {"type": "uri", "value": "http://dbpedia.org/resource/San_Francisco_Bay"}, "rivers": {"type": "typed-literal", "datatype": "http://www.w3.org/2001/XMLSchema#integer", "value": "38"}, "example": {"type": "uri", "value": "http://dbpedia.org/resource/Coyote_Creek_(Santa_Clara_County)"}}, {"waterBody": {"type": "uri", "value": "http://dbpedia.org/resource/Gulf_of_California"}, "rivers": {"type": "typed-literal", "datatype": "http://www.w3.org/2001/XMLSchema#integer", "value": "36"}, "example": {"type": "uri", "value": "http://dbpedia.org/resource/Colorado_River"}}, {"waterBody": {"type": "uri", "value": "http://dbpedia.org/resource/Suisun_Bay"}, "rivers": {"type": "typed-literal", "datatype": "http://www.w3.org/2001/XMLSchema#integer", "value": "32"}, "example": {"type": "uri", "value": "http://dbpedia.org/resource/Middle_Yuba_River"}}, {"waterBody": {"type": "uri", "value": "http://dbpedia.org/resource/Delaware_Bay"}, "rivers": {"type": "typed-literal", "datatype": "http://www.w3.org/2001/XMLSchema#integer", "value": "28"}, "example": {"type": "uri", "value": "http://dbpedia.org/resource/Delaware_River"}}, {"waterBody": {"type": "uri", "value": "http://dbpedia.org/resource/Lake_Michigan"}, "rivers": {"type": "typed-literal", "datatype": "http://www.w3.org/2001/XMLSchema#integer", "value": "13"}, "example": {"type": "uri", "value": "http://dbpedia.org/resource/Galena_River_(Indiana)"}}, {"waterBody": {"type": "uri", "value": "http://dbpedia.org/resource/Kuskokwim_Bay"}, "rivers": {"type": "typed-literal", "datatype": "http://www.w3.org/2001/XMLSchema#integer", "value": "6"}, "example": {"type": "uri", "value": "http://dbpedia.org/resource/Eek_River"}}, {"waterBody": {"type": "uri", "value": "http://dbpedia.org/resource/San_Antonio_Bay"}, "rivers": {"type": "typed-literal", "datatype": "http://www.w3.org/2001/XMLSchema#integer", "value": "6"}, "example": {"type": "uri", "value": "http://dbpedia.org/resource/Guadalupe_River_(Texas)"}}, {"waterBody": {"type": "uri", "value": "http://dbpedia.org/resource/Lake_Superior"}, "rivers": {"type": "typed-literal", "datatype": "http://www.w3.org/2001/XMLSchema#integer", "value": "5"}, "example": {"type": "uri", "value": "http://dbpedia.org/resource/Huron_River_(northern_Michigan)"}}, {"waterBody": {"type": "uri", "value": "http://dbpedia.org/resource/Lake_Pend_Oreille"}, "rivers": {"type": "typed-literal", "datatype": "http://www.w3.org/2001/XMLSchema#integer", "value": "4"}, "example": {"type": "uri", "value": "http://dbpedia.org/resource/Clark_Fork_River"}}, {"waterBody": {"type": "uri", "value": "http://dbpedia.org/resource/Pocomoke_Sound"}, "rivers": {"type": "typed-literal", "datatype": "http://www.w3.org/2001/XMLSchema#integer", "value": "3"}, "example": {"type": "uri", "value": "http://dbpedia.org/resource/Pocomoke_River"}}, {"waterBody": {"type": "uri", "value": "http://dbpedia.org/resource/Matagorda_Bay"}, "rivers": {"type": "typed-literal", "datatype": "http://www.w3.org/2001/XMLSchema#integer", "value": "3"}, "example": {"type": "uri", "value": "http://dbpedia.org/resource/Barton_Creek"}}, {"waterBody": {"type": "uri", "value": "http://dbpedia.org/resource/Bluestone_Lake"}, "rivers": {"type": "typed-literal", "datatype": "http://www.w3.org/2001/XMLSchema#integer", "value": "2"}, "example": {"type": "uri", "value": "http://dbpedia.org/resource/Bluestone_River"}}, {"waterBody": {"type": "uri", "value": "http://dbpedia.org/resource/Elliott_Bay"}, "rivers": {"type": "typed-literal", "datatype": "http://www.w3.org/2001/XMLSchema#integer", "value": "2"}, "example": {"type": "uri", "value": "http://dbpedia.org/resource/Duwamish_River"}}, {"waterBody": {"type": "uri", "value": "http://dbpedia.org/resource/Dorchester_Bay_(Boston_Harbor)"}, "rivers": {"type": "typed-literal", "datatype": "http://www.w3.org/2001/XMLSchema#integer", "value": "2"}, "example": {"type": "uri", "value": "http://dbpedia.org/resource/Mother_Brook"}}, {"waterBody": {"type": "uri", "value": "http://dbpedia.org/resource/Little_Bay_de_Noc"}, "rivers": {"type": "typed-literal", "datatype": "http://www.w3.org/2001/XMLSchema#integer", "value": "2"}, "example": {"type": "uri", "value": "http://dbpedia.org/resource/Rapid_River_(Delta_County,_Michigan)"}}, {"waterBody": {"type": "uri", "value": "http://dbpedia.org/resource/Willapa_Bay"}, "rivers": {"type": "typed-literal", "datatype": "http://www.w3.org/2001/XMLSchema#integer", "value": "2"}, "example": {"type": "uri", "value": "http://dbpedia.org/resource/Niawiakum_River"}}, {"waterBody": {"type": "uri", "value": "http://dbpedia.org/resource/Kachemak_Bay"}, "rivers": {"type": "typed-literal", "datatype": "http://www.w3.org/2001/XMLSchema#integer", "value": "2"}, "example": {"type": "uri", "value": "http://dbpedia.org/resource/Fox_River_(Alaska)"}}, {"waterBody": {"type": "uri", "value": "http://dbpedia.org/resource/Green_Bay_(Lake_Michigan)"}, "rivers": {"type": "typed-literal", "datatype": "http://www.w3.org/2001/XMLSchema#integer", "value": "2"}, "example": {"type": "uri", "value": "http://dbpedia.org/resource/Bark_River_(Michigan)"}}, {"waterBody": {"type": "uri", "value": "http://dbpedia.org/resource/Saginaw_Bay"}, "rivers": {"type": "typed-literal", "datatype": "http://www.w3.org/2001/XMLSchema#integer", "value": "2"}, "example": {"type": "uri", "value": "http://dbpedia.org/resource/Pinconning_River"}}, {"waterBody": {"type": "uri", "value": "http://dbpedia.org/resource/Fishing_Bay"}, "rivers": {"type": "typed-literal", "datatype": "http://www.w3.org/2001/XMLSchema#integer", "value": "2"}, "example": {"type": "uri", "value": "http://dbpedia.org/resource/Blackwater_River_(Maryland)"}}, {"waterBody": {"type": "uri", "value": "http://dbpedia.org/resource/San_Diego_Bay"}, "rivers": {"type": "typed-literal", "datatype": "http://www.w3.org/2001/XMLSchema#integer", "value": "1"}, "example": {"type": "uri", "value": "http://dbpedia.org/resource/Otay_River"}}, {"waterBody": {"type": "uri", "value": "http://dbpedia.org/resource/Arthur_Kill"}, "rivers": {"type": "typed-literal", "datatype": "http://www.w3.org/2001/XMLSchema#integer", "value": "1"}, "example": {"type": "uri", "value": "http://dbpedia.org/resource/Elizabeth_River_(New_Jersey)"}}, {"waterBody": {"type": "uri", "value": "http://dbpedia.org/resource/Presque_Isle_Bay"}, "rivers": {"type": "typed-literal", "datatype": "http://www.w3.org/2001/XMLSchema#integer", "value": "1"}, "example": {"type": "uri", "value": "http://dbpedia.org/resource/Mill_Creek_(Lake_Erie)"}}, {"waterBody": {"type": "uri", "value": "http://dbpedia.org/resource/Gulf_of_Alaska"}, "rivers": {"type": "typed-literal", "datatype": "http://www.w3.org/2001/XMLSchema#integer", "value": "1"}, "example": {"type": "uri", "value": "http://dbpedia.org/resource/Seal_River_(Bering_Glacier)"}}, {"waterBody": {"type": "uri", "value": "http://dbpedia.org/resource/Hingham_Bay"}, "rivers": {"type": "typed-literal", "datatype": "http://www.w3.org/2001/XMLSchema#integer", "value": "1"}, "example": {"type": "uri", "value": "http://dbpedia.org/resource/Weymouth_Back_River"}}, {"waterBody": {"type": "uri", "value": "http://dbpedia.org/resource/Raritan_Bay"}, "rivers": {"type": "typed-literal", "datatype": "http://www.w3.org/2001/XMLSchema#integer", "value": "1"}, "example": {"type": "uri", "value": "http://dbpedia.org/resource/Elizabeth_River_(New_Jersey)"}}, {"waterBody": {"type": "uri", "value": "http://dbpedia.org/resource/Lake_Ontario"}, "rivers": {"type": "typed-literal", "datatype": "http://www.w3.org/2001/XMLSchema#integer", "value": "1"}, "example": {"type": "uri", "value": "http://dbpedia.org/resource/Genesee_River"}}, {"waterBody": {"type": "uri", "value": "http://dbpedia.org/resource/Shelley_Lake"}, "rivers": {"type": "typed-literal", "datatype": "http://www.w3.org/2001/XMLSchema#integer", "value": "1"}, "example": {"type": "uri", "value": "http://dbpedia.org/resource/Saltese_Creek"}}, {"waterBody": {"type": "uri", "value": "http://dbpedia.org/resource/Copano_Bay"}, "rivers": {"type": "typed-literal", "datatype": "http://www.w3.org/2001/XMLSchema#integer", "value": "1"}, "example": {"type": "uri", "value": "http://dbpedia.org/resource/Mission_River"}}, {"waterBody": {"type": "uri", "value": "http://dbpedia.org/resource/Chapman_Bay"}, "rivers": {"type": "typed-literal", "datatype": "http://www.w3.org/2001/XMLSchema#integer", "value": "1"}, "example": {"type": "uri", "value": "http://dbpedia.org/resource/Libby_Creek_(Washington)"}}, {"waterBody": {"type": "uri", "value": "http://dbpedia.org/resource/Salton_Sea"}, "rivers": {"type": "typed-literal", "datatype": "http://www.w3.org/2001/XMLSchema#integer", "value": "1"}, "example": {"type": "uri", "value": "http://dbpedia.org/resource/Whitewater_River_(California)"}}, {"waterBody": {"type": "uri", "value": "http://dbpedia.org/resource/Buzzards_Bay"}, "rivers": {"type": "typed-literal", "datatype": "http://www.w3.org/2001/XMLSchema#integer", "value": "1"}, "example": {"type": "uri", "value": "http://dbpedia.org/resource/Slocums_River"}}]}}