{"head": {"link": [], "vars": ["P"]}, "results": {"distinct": false, "ordered": true, "bindings": [{"P": {"type": "uri", "value": "http://dbpedia.org/resource/GUMMANI_RANGA_SWAMI"}}, {"P": {"type": "uri", "value": "http://dbpedia.org/resource/Daniel_Wayne_Smith"}}, {"P": {"type": "uri", "value": "http://dbpedia.org/resource/List_of_Shortland_Street_characters_(1993)"}}, {"P": {"type": "uri", "value": "http://dbpedia.org/resource/Einstein_family"}}, {"P": {"type": "uri", "value": "http://dbpedia.org/resource/List_of_Hollyoaks_characters_(2014)"}}, {"P": {"type": "uri", "value": "http://dbpedia.org/resource/List_of_Hollyoaks_characters_(2014)"}}, {"P": {"type": "uri", "value": "http://dbpedia.org/resource/List_of_Hollyoaks_characters_(2014)"}}, {"P": {"type": "uri", "value": "http://dbpedia.org/resource/List_of_Shameless_characters"}}, {"P": {"type": "uri", "value": "http://dbpedia.org/resource/List_of_Shameless_characters"}}, {"P": {"type": "uri", "value": "http://dbpedia.org/resource/List_of_Shameless_characters"}}, {"P": {"type": "uri", "value": "http://dbpedia.org/resource/List_of_Shameless_characters"}}, {"P": {"type": "uri", "value": "http://dbpedia.org/resource/List_of_Shameless_characters"}}, {"P": {"type": "uri", "value": "http://dbpedia.org/resource/List_of_Shameless_characters"}}, {"P": {"type": "uri", "value": "http://dbpedia.org/resource/List_of_Downton_Abbey_characters"}}, {"P": {"type": "uri", "value": "http://dbpedia.org/resource/The_Young_and_the_Restless_characters_(1990s)"}}, {"P": {"type": "uri", "value": "http://dbpedia.org/resource/The_Young_and_the_Restless_characters_(1990s)"}}, {"P": {"type": "uri", "value": "http://dbpedia.org/resource/The_Young_and_the_Restless_characters_(1990s)"}}, {"P": {"type": "uri", "value": "http://dbpedia.org/resource/The_Young_and_the_Restless_characters_(1990s)"}}, {"P": {"type": "uri", "value": "http://dbpedia.org/resource/The_Young_and_the_Restless_characters_(1990s)"}}, {"P": {"type": "uri", "value": "http://dbpedia.org/resource/List_of_Hollyoaks_characters_(2011)"}}, {"P": {"type": "uri", "value": "http://dbpedia.org/resource/List_of_Hollyoaks_characters_(2011)"}}, {"P": {"type": "uri", "value": "http://dbpedia.org/resource/List_of_Emmerdale_characters_(2006)"}}, {"P": {"type": "uri", "value": "http://dbpedia.org/resource/List_of_Emmerdale_characters_(2007)"}}, {"P": {"type": "uri", "value": "http://dbpedia.org/resource/List_of_Shortland_Street_characters_(1992)"}}, {"P": {"type": "uri", "value": "http://dbpedia.org/resource/List_of_Shortland_Street_characters_(2013)"}}, {"P": {"type": "uri", "value": "http://dbpedia.org/resource/List_of_Shortland_Street_characters_(2013)"}}, {"P": {"type": "uri", "value": "http://dbpedia.org/resource/List_of_Shortland_Street_characters_(2013)"}}, {"P": {"type": "uri", "value": "http://dbpedia.org/resource/List_of_Shortland_Street_characters_(2013)"}}, {"P": {"type": "uri", "value": "http://dbpedia.org/resource/List_of_Mrs._Brown's_Boys_characters"}}]}}