{"head": {"link": [], "vars": ["P"]}, "results": {"distinct": false, "ordered": true, "bindings": [{"P": {"type": "uri", "value": "http://dbpedia.org/resource/Susquehanna_River"}}, {"P": {"type": "uri", "value": "http://dbpedia.org/resource/Wye_River_(Maryland)"}}, {"P": {"type": "uri", "value": "http://dbpedia.org/resource/Northeast_Branch_Anacostia_River"}}, {"P": {"type": "uri", "value": "http://dbpedia.org/resource/Northwest_Branch_Anacostia_River"}}, {"P": {"type": "uri", "value": "http://dbpedia.org/resource/Chesapeake_Bay"}}, {"P": {"type": "uri", "value": "http://dbpedia.org/resource/Linganore_Creek"}}, {"P": {"type": "uri", "value": "http://dbpedia.org/resource/Delaware_River"}}, {"P": {"type": "uri", "value": "http://dbpedia.org/resource/Back_River_(Maryland)"}}, {"P": {"type": "uri", "value": "http://dbpedia.org/resource/Curtis_Creek"}}, {"P": {"type": "uri", "value": "http://dbpedia.org/resource/Gunpowder_River"}}, {"P": {"type": "uri", "value": "http://dbpedia.org/resource/Magothy_River"}}, {"P": {"type": "uri", "value": "http://dbpedia.org/resource/Patuxent_River"}}, {"P": {"type": "uri", "value": "http://dbpedia.org/resource/Potomac_River"}}, {"P": {"type": "uri", "value": "http://dbpedia.org/resource/Wicomico_River_(Maryland_eastern_shore)"}}, {"P": {"type": "uri", "value": "http://dbpedia.org/resource/Bird_River"}}, {"P": {"type": "uri", "value": "http://dbpedia.org/resource/Anacostia_River"}}, {"P": {"type": "uri", "value": "http://dbpedia.org/resource/Chester_River"}}, {"P": {"type": "uri", "value": "http://dbpedia.org/resource/Choptank_River"}}, {"P": {"type": "uri", "value": "http://dbpedia.org/resource/Monocacy_River"}}, {"P": {"type": "uri", "value": "http://dbpedia.org/resource/Patapsco_River"}}, {"P": {"type": "uri", "value": "http://dbpedia.org/resource/Pocomoke_River"}}, {"P": {"type": "uri", "value": "http://dbpedia.org/resource/Christina_River"}}, {"P": {"type": "uri", "value": "http://dbpedia.org/resource/Youghiogheny_River"}}, {"P": {"type": "uri", "value": "http://dbpedia.org/resource/Sligo_Creek"}}, {"P": {"type": "uri", "value": "http://dbpedia.org/resource/South_River_(Maryland)"}}, {"P": {"type": "uri", "value": "http://dbpedia.org/resource/Blackwater_River_(Maryland)"}}, {"P": {"type": "uri", "value": "http://dbpedia.org/resource/Little_Blackwater_River_(Maryland)"}}, {"P": {"type": "uri", "value": "http://dbpedia.org/resource/Piscataway_Creek"}}, {"P": {"type": "uri", "value": "http://dbpedia.org/resource/Jennings_Run"}}, {"P": {"type": "uri", "value": "http://dbpedia.org/resource/Severn_River_(Maryland)"}}, {"P": {"type": "uri", "value": "http://dbpedia.org/resource/Herring_Run"}}, {"P": {"type": "uri", "value": "http://dbpedia.org/resource/Little_Choptank_River"}}, {"P": {"type": "uri", "value": "http://dbpedia.org/resource/Tred_Avon_River"}}, {"P": {"type": "uri", "value": "http://dbpedia.org/resource/Jones_Falls"}}, {"P": {"type": "uri", "value": "http://dbpedia.org/resource/Big_Annemessex_River"}}, {"P": {"type": "uri", "value": "http://dbpedia.org/resource/Corsica_River"}}, {"P": {"type": "uri", "value": "http://dbpedia.org/resource/Honga_River"}}, {"P": {"type": "uri", "value": "http://dbpedia.org/resource/Deep_Run_(Big_Pipe_Creek)"}}, {"P": {"type": "uri", "value": "http://dbpedia.org/resource/Deep_Run_(Fifteenmile_Creek)"}}, {"P": {"type": "uri", "value": "http://dbpedia.org/resource/Deep_Run_(Jones_Falls)"}}, {"P": {"type": "uri", "value": "http://dbpedia.org/resource/Deep_Run_(North_Branch_Patapsco_River)"}}, {"P": {"type": "uri", "value": "http://dbpedia.org/resource/Broad_Creek_(Susquehanna_River_tributary)"}}, {"P": {"type": "uri", "value": "http://dbpedia.org/resource/Watts_Branch_(Potomac_River_tributary)"}}, {"P": {"type": "uri", "value": "http://dbpedia.org/resource/Toms_Creek_(Monocacy_River_tributary)"}}, {"P": {"type": "uri", "value": "http://dbpedia.org/resource/Alloway_Creek_(Monocacy_River_tributary)"}}]}}