{"head": {"link": [], "vars": ["P", "Q"]}, "results": {"distinct": false, "ordered": true, "bindings": [{"P": {"type": "uri", "value": "http://dbpedia.org/resource/Alabama"}, "Q": {"type": "typed-literal", "datatype": "http://www.w3.org/2001/XMLSchema#integer", "value": "10"}}, {"P": {"type": "uri", "value": "http://dbpedia.org/resource/Alaska"}, "Q": {"type": "typed-literal", "datatype": "http://www.w3.org/2001/XMLSchema#integer", "value": "162"}}, {"P": {"type": "uri", "value": "http://dbpedia.org/resource/Arizona"}, "Q": {"type": "typed-literal", "datatype": "http://www.w3.org/2001/XMLSchema#integer", "value": "18"}}, {"P": {"type": "uri", "value": "http://dbpedia.org/resource/Arkansas"}, "Q": {"type": "typed-literal", "datatype": "http://www.w3.org/2001/XMLSchema#integer", "value": "28"}}, {"P": {"type": "uri", "value": "http://dbpedia.org/resource/California"}, "Q": {"type": "typed-literal", "datatype": "http://www.w3.org/2001/XMLSchema#integer", "value": "352"}}, {"P": {"type": "uri", "value": "http://dbpedia.org/resource/Colorado"}, "Q": {"type": "typed-literal", "datatype": "http://www.w3.org/2001/XMLSchema#integer", "value": "30"}}, {"P": {"type": "uri", "value": "http://dbpedia.org/resource/Connecticut"}, "Q": {"type": "typed-literal", "datatype": "http://www.w3.org/2001/XMLSchema#integer", "value": "23"}}, {"P": {"type": "uri", "value": "http://dbpedia.org/resource/Delaware"}, "Q": {"type": "typed-literal", "datatype": "http://www.w3.org/2001/XMLSchema#integer", "value": "13"}}, {"P": {"type": "uri", "value": "http://dbpedia.org/resource/Florida"}, "Q": {"type": "typed-literal", "datatype": "http://www.w3.org/2001/XMLSchema#integer", "value": "16"}}, {"P": {"type": "uri", "value": "http://dbpedia.org/resource/Georgia_(U.S._state)"}, "Q": {"type": "typed-literal", "datatype": "http://www.w3.org/2001/XMLSchema#integer", "value": "10"}}, {"P": {"type": "uri", "value": "http://dbpedia.org/resource/Hawaii"}, "Q": {"type": "typed-literal", "datatype": "http://www.w3.org/2001/XMLSchema#integer", "value": "4"}}, {"P": {"type": "uri", "value": "http://dbpedia.org/resource/Idaho"}, "Q": {"type": "typed-literal", "datatype": "http://www.w3.org/2001/XMLSchema#integer", "value": "65"}}, {"P": {"type": "uri", "value": "http://dbpedia.org/resource/Illinois"}, "Q": {"type": "typed-literal", "datatype": "http://www.w3.org/2001/XMLSchema#integer", "value": "17"}}, {"P": {"type": "uri", "value": "http://dbpedia.org/resource/Indiana"}, "Q": {"type": "typed-literal", "datatype": "http://www.w3.org/2001/XMLSchema#integer", "value": "17"}}, {"P": {"type": "uri", "value": "http://dbpedia.org/resource/Iowa"}, "Q": {"type": "typed-literal", "datatype": "http://www.w3.org/2001/XMLSchema#integer", "value": "39"}}, {"P": {"type": "uri", "value": "http://dbpedia.org/resource/Kansas"}, "Q": {"type": "typed-literal", "datatype": "http://www.w3.org/2001/XMLSchema#integer", "value": "45"}}, {"P": {"type": "uri", "value": "http://dbpedia.org/resource/Kentucky"}, "Q": {"type": "typed-literal", "datatype": "http://www.w3.org/2001/XMLSchema#integer", "value": "10"}}, {"P": {"type": "uri", "value": "http://dbpedia.org/resource/Louisiana"}, "Q": {"type": "typed-literal", "datatype": "http://www.w3.org/2001/XMLSchema#integer", "value": "17"}}, {"P": {"type": "uri", "value": "http://dbpedia.org/resource/Maine"}, "Q": {"type": "typed-literal", "datatype": "http://www.w3.org/2001/XMLSchema#integer", "value": "9"}}, {"P": {"type": "uri", "value": "http://dbpedia.org/resource/Maryland"}, "Q": {"type": "typed-literal", "datatype": "http://www.w3.org/2001/XMLSchema#integer", "value": "45"}}, {"P": {"type": "uri", "value": "http://dbpedia.org/resource/Massachusetts"}, "Q": {"type": "typed-literal", "datatype": "http://www.w3.org/2001/XMLSchema#integer", "value": "20"}}, {"P": {"type": "uri", "value": "http://dbpedia.org/resource/Michigan"}, "Q": {"type": "typed-literal", "datatype": "http://www.w3.org/2001/XMLSchema#integer", "value": "37"}}, {"P": {"type": "uri", "value": "http://dbpedia.org/resource/Minnesota"}, "Q": {"type": "typed-literal", "datatype": "http://www.w3.org/2001/XMLSchema#integer", "value": "33"}}, {"P": {"type": "uri", "value": "http://dbpedia.org/resource/Mississippi"}, "Q": {"type": "typed-literal", "datatype": "http://www.w3.org/2001/XMLSchema#integer", "value": "11"}}, {"P": {"type": "uri", "value": "http://dbpedia.org/resource/Missouri"}, "Q": {"type": "typed-literal", "datatype": "http://www.w3.org/2001/XMLSchema#integer", "value": "106"}}, {"P": {"type": "uri", "value": "http://dbpedia.org/resource/Montana"}, "Q": {"type": "typed-literal", "datatype": "http://www.w3.org/2001/XMLSchema#integer", "value": "34"}}, {"P": {"type": "uri", "value": "http://dbpedia.org/resource/Nebraska"}, "Q": {"type": "typed-literal", "datatype": "http://www.w3.org/2001/XMLSchema#integer", "value": "16"}}, {"P": {"type": "uri", "value": "http://dbpedia.org/resource/Nevada"}, "Q": {"type": "typed-literal", "datatype": "http://www.w3.org/2001/XMLSchema#integer", "value": "27"}}, {"P": {"type": "uri", "value": "http://dbpedia.org/resource/New_Hampshire"}, "Q": {"type": "typed-literal", "datatype": "http://www.w3.org/2001/XMLSchema#integer", "value": "10"}}, {"P": {"type": "uri", "value": "http://dbpedia.org/resource/New_Jersey"}, "Q": {"type": "typed-literal", "datatype": "http://www.w3.org/2001/XMLSchema#integer", "value": "33"}}, {"P": {"type": "uri", "value": "http://dbpedia.org/resource/New_Mexico"}, "Q": {"type": "typed-literal", "datatype": "http://www.w3.org/2001/XMLSchema#integer", "value": "24"}}, {"P": {"type": "uri", "value": "http://dbpedia.org/resource/New_York"}, "Q": {"type": "typed-literal", "datatype": "http://www.w3.org/2001/XMLSchema#integer", "value": "0"}}, {"P": {"type": "uri", "value": "http://dbpedia.org/resource/North_Carolina"}, "Q": {"type": "typed-literal", "datatype": "http://www.w3.org/2001/XMLSchema#integer", "value": "29"}}, {"P": {"type": "uri", "value": "http://dbpedia.org/resource/North_Dakota"}, "Q": {"type": "typed-literal", "datatype": "http://www.w3.org/2001/XMLSchema#integer", "value": "9"}}, {"P": {"type": "uri", "value": "http://dbpedia.org/resource/Ohio"}, "Q": {"type": "typed-literal", "datatype": "http://www.w3.org/2001/XMLSchema#integer", "value": "21"}}, {"P": {"type": "uri", "value": "http://dbpedia.org/resource/Oklahoma"}, "Q": {"type": "typed-literal", "datatype": "http://www.w3.org/2001/XMLSchema#integer", "value": "11"}}, {"P": {"type": "uri", "value": "http://dbpedia.org/resource/Oregon"}, "Q": {"type": "typed-literal", "datatype": "http://www.w3.org/2001/XMLSchema#integer", "value": "287"}}, {"P": {"type": "uri", "value": "http://dbpedia.org/resource/Pennsylvania"}, "Q": {"type": "typed-literal", "datatype": "http://www.w3.org/2001/XMLSchema#integer", "value": "88"}}, {"P": {"type": "uri", "value": "http://dbpedia.org/resource/Rhode_Island"}, "Q": {"type": "typed-literal", "datatype": "http://www.w3.org/2001/XMLSchema#integer", "value": "2"}}, {"P": {"type": "uri", "value": "http://dbpedia.org/resource/South_Carolina"}, "Q": {"type": "typed-literal", "datatype": "http://www.w3.org/2001/XMLSchema#integer", "value": "10"}}, {"P": {"type": "uri", "value": "http://dbpedia.org/resource/South_Dakota"}, "Q": {"type": "typed-literal", "datatype": "http://www.w3.org/2001/XMLSchema#integer", "value": "6"}}, {"P": {"type": "uri", "value": "http://dbpedia.org/resource/Tennessee"}, "Q": {"type": "typed-literal", "datatype": "http://www.w3.org/2001/XMLSchema#integer", "value": "21"}}, {"P": {"type": "uri", "value": "http://dbpedia.org/resource/Texas"}, "Q": {"type": "typed-literal", "datatype": "http://www.w3.org/2001/XMLSchema#integer", "value": "32"}}, {"P": {"type": "uri", "value": "http://dbpedia.org/resource/U.S._state"}, "Q": {"type": "typed-literal", "datatype": "http://www.w3.org/2001/XMLSchema#integer", "value": "0"}}, {"P": {"type": "uri", "value": "http://dbpedia.org/resource/Utah"}, "Q": {"type": "typed-literal", "datatype": "http://www.w3.org/2001/XMLSchema#integer", "value": "28"}}, {"P": {"type": "uri", "value": "http://dbpedia.org/resource/Vermont"}, "Q": {"type": "typed-literal", "datatype": "http://www.w3.org/2001/XMLSchema#integer", "value": "12"}}, {"P": {"type": "uri", "value": "http://dbpedia.org/resource/Virginia"}, "Q": {"type": "typed-literal", "datatype": "http://www.w3.org/2001/XMLSchema#integer", "value": "29"}}, {"P": {"type": "uri", "value": "http://dbpedia.org/resource/Washington_(state)"}, "Q": {"type": "typed-literal", "datatype": "http://www.w3.org/2001/XMLSchema#integer", "value": "111"}}, {"P": {"type": "uri", "value": "http://dbpedia.org/resource/West_Virginia"}, "Q": {"type": "typed-literal", "datatype": "http://www.w3.org/2001/XMLSchema#integer", "value": "98"}}, {"P": {"type": "uri", "value": "http://dbpedia.org/resource/Wisconsin"}, "Q": {"type": "typed-literal", "datatype": "http://www.w3.org/2001/XMLSchema#integer", "value": "22"}}, {"P": {"type": "uri", "value": "http://dbpedia.org/resource/Wyoming"}, "Q": {"type": "typed-literal", "datatype": "http://www.w3.org/2001/XMLSchema#integer", "value": "32"}}]}}