{"head": {"link": [], "vars": ["P"]}, "results": {"distinct": false, "ordered": true, "bindings": [{"P": {"type": "uri", "value": "http://dbpedia.org/resource/Susquehanna_River"}}, {"P": {"type": "uri", "value": "http://dbpedia.org/resource/Back_River_(Maryland)"}}, {"P": {"type": "uri", "value": "http://dbpedia.org/resource/Gunpowder_River"}}, {"P": {"type": "uri", "value": "http://dbpedia.org/resource/Magothy_River"}}, {"P": {"type": "uri", "value": "http://dbpedia.org/resource/Patuxent_River"}}, {"P": {"type": "uri", "value": "http://dbpedia.org/resource/Potomac_River"}}, {"P": {"type": "uri", "value": "http://dbpedia.org/resource/Wicomico_River_(Maryland_eastern_shore)"}}, {"P": {"type": "uri", "value": "http://dbpedia.org/resource/Chester_River"}}, {"P": {"type": "uri", "value": "http://dbpedia.org/resource/Choptank_River"}}, {"P": {"type": "uri", "value": "http://dbpedia.org/resource/Patapsco_River"}}, {"P": {"type": "uri", "value": "http://dbpedia.org/resource/South_River_(Maryland)"}}, {"P": {"type": "uri", "value": "http://dbpedia.org/resource/Severn_River_(Maryland)"}}, {"P": {"type": "uri", "value": "http://dbpedia.org/resource/Honga_River"}}]}}