{"head": {"link": [], "vars": ["Waterbody", "count", "Example"]}, "results": {"distinct": false, "ordered": true, "bindings": [{"Waterbody": {"type": "uri", "value": "http://dbpedia.org/resource/Gulf_of_Mexico"}, "count": {"type": "typed-literal", "datatype": "http://www.w3.org/2001/XMLSchema#integer", "value": "712"}, "Example": {"type": "uri", "value": "http://dbpedia.org/resource/Sweetwater_River_(Wyoming)"}}, {"Waterbody": {"type": "uri", "value": "http://dbpedia.org/resource/Pacific_Ocean"}, "count": {"type": "typed-literal", "datatype": "http://www.w3.org/2001/XMLSchema#integer", "value": "498"}, "Example": {"type": "uri", "value": "http://dbpedia.org/resource/Snake_River"}}, {"Waterbody": {"type": "uri", "value": "http://dbpedia.org/resource/Clatsop_County,_Oregon"}, "count": {"type": "typed-literal", "datatype": "http://www.w3.org/2001/XMLSchema#integer", "value": "318"}, "Example": {"type": "uri", "value": "http://dbpedia.org/resource/Snake_River"}}, {"Waterbody": {"type": "uri", "value": "http://dbpedia.org/resource/Pacific_County,_Washington"}, "count": {"type": "typed-literal", "datatype": "http://www.w3.org/2001/XMLSchema#integer", "value": "318"}, "Example": {"type": "uri", "value": "http://dbpedia.org/resource/Snake_River"}}, {"Waterbody": {"type": "uri", "value": "http://dbpedia.org/resource/Atlantic_Ocean"}, "count": {"type": "typed-literal", "datatype": "http://www.w3.org/2001/XMLSchema#integer", "value": "115"}, "Example": {"type": "uri", "value": "http://dbpedia.org/resource/Susquehanna_River"}}, {"Waterbody": {"type": "uri", "value": "http://dbpedia.org/resource/Gulf_of_California"}, "count": {"type": "typed-literal", "datatype": "http://www.w3.org/2001/XMLSchema#integer", "value": "96"}, "Example": {"type": "uri", "value": "http://dbpedia.org/resource/Colorado_River"}}, {"Waterbody": {"type": "uri", "value": "http://dbpedia.org/resource/Bering_Sea"}, "count": {"type": "typed-literal", "datatype": "http://www.w3.org/2001/XMLSchema#integer", "value": "55"}, "Example": {"type": "uri", "value": "http://dbpedia.org/resource/Salcha_River"}}, {"Waterbody": {"type": "uri", "value": "http://dbpedia.org/resource/Delaware_Bay"}, "count": {"type": "typed-literal", "datatype": "http://www.w3.org/2001/XMLSchema#integer", "value": "54"}, "Example": {"type": "uri", "value": "http://dbpedia.org/resource/Delaware_River"}}, {"Waterbody": {"type": "uri", "value": "http://dbpedia.org/resource/McCracken_County,_Kentucky"}, "count": {"type": "typed-literal", "datatype": "http://www.w3.org/2001/XMLSchema#integer", "value": "51"}, "Example": {"type": "uri", "value": "http://dbpedia.org/resource/Tennessee_River"}}, {"Waterbody": {"type": "uri", "value": "http://dbpedia.org/resource/Paducah,_Kentucky"}, "count": {"type": "typed-literal", "datatype": "http://www.w3.org/2001/XMLSchema#integer", "value": "51"}, "Example": {"type": "uri", "value": "http://dbpedia.org/resource/Tennessee_River"}}, {"Waterbody": {"type": "uri", "value": "http://dbpedia.org/resource/San_Francisco_Bay"}, "count": {"type": "typed-literal", "datatype": "http://www.w3.org/2001/XMLSchema#integer", "value": "38"}, "Example": {"type": "uri", "value": "http://dbpedia.org/resource/Coyote_Creek_(Santa_Clara_County)"}}, {"Waterbody": {"type": "uri", "value": "http://dbpedia.org/resource/Suisun_Bay"}, "count": {"type": "typed-literal", "datatype": "http://www.w3.org/2001/XMLSchema#integer", "value": "32"}, "Example": {"type": "uri", "value": "http://dbpedia.org/resource/Middle_Yuba_River"}}, {"Waterbody": {"type": "uri", "value": "http://dbpedia.org/resource/Long_Island_Sound"}, "count": {"type": "typed-literal", "datatype": "http://www.w3.org/2001/XMLSchema#integer", "value": "29"}, "Example": {"type": "uri", "value": "http://dbpedia.org/resource/Ammonoosuc_River"}}, {"Waterbody": {"type": "uri", "value": "http://dbpedia.org/resource/San_Pablo_Bay"}, "count": {"type": "typed-literal", "datatype": "http://www.w3.org/2001/XMLSchema#integer", "value": "20"}, "Example": {"type": "uri", "value": "http://dbpedia.org/resource/Rush_Creek_(Marin_County,_California)"}}, {"Waterbody": {"type": "uri", "value": "http://dbpedia.org/resource/Lake_Michigan"}, "count": {"type": "typed-literal", "datatype": "http://www.w3.org/2001/XMLSchema#integer", "value": "17"}, "Example": {"type": "uri", "value": "http://dbpedia.org/resource/Galena_River_(Indiana)"}}, {"Waterbody": {"type": "uri", "value": "http://dbpedia.org/resource/Upper_New_York_Bay"}, "count": {"type": "typed-literal", "datatype": "http://www.w3.org/2001/XMLSchema#integer", "value": "16"}, "Example": {"type": "uri", "value": "http://dbpedia.org/resource/Batten_Kill"}}, {"Waterbody": {"type": "uri", "value": "http://dbpedia.org/resource/Big_Sandy_River_(Ohio_River)"}, "count": {"type": "typed-literal", "datatype": "http://www.w3.org/2001/XMLSchema#integer", "value": "14"}, "Example": {"type": "uri", "value": "http://dbpedia.org/resource/Tug_Fork"}}, {"Waterbody": {"type": "uri", "value": "http://dbpedia.org/resource/New_River_(Kanawha_River)"}, "count": {"type": "typed-literal", "datatype": "http://www.w3.org/2001/XMLSchema#integer", "value": "14"}, "Example": {"type": "uri", "value": "http://dbpedia.org/resource/Knapp_Creek"}}, {"Waterbody": {"type": "uri", "value": "http://dbpedia.org/resource/Monterey_Bay"}, "count": {"type": "typed-literal", "datatype": "http://www.w3.org/2001/XMLSchema#integer", "value": "12"}, "Example": {"type": "uri", "value": "http://dbpedia.org/resource/Salinas_River_(California)"}}, {"Waterbody": {"type": "uri", "value": "http://dbpedia.org/resource/Newark_Bay"}, "count": {"type": "typed-literal", "datatype": "http://www.w3.org/2001/XMLSchema#integer", "value": "11"}, "Example": {"type": "uri", "value": "http://dbpedia.org/resource/Hackensack_River"}}, {"Waterbody": {"type": "uri", "value": "http://dbpedia.org/resource/Mouth_(water_stream)"}, "count": {"type": "typed-literal", "datatype": "http://www.w3.org/2001/XMLSchema#integer", "value": "11"}, "Example": {"type": "uri", "value": "http://dbpedia.org/resource/Cottonwood_Creek_(Kern_County)"}}, {"Waterbody": {"type": "uri", "value": "http://dbpedia.org/resource/Huntington,_West_Virginia"}, "count": {"type": "typed-literal", "datatype": "http://www.w3.org/2001/XMLSchema#integer", "value": "11"}, "Example": {"type": "uri", "value": "http://dbpedia.org/resource/Slab_Fork"}}, {"Waterbody": {"type": "uri", "value": "http://dbpedia.org/resource/Lake_Erie"}, "count": {"type": "typed-literal", "datatype": "http://www.w3.org/2001/XMLSchema#integer", "value": "10"}, "Example": {"type": "uri", "value": "http://dbpedia.org/resource/Sandy_Creek_(Michigan)"}}, {"Waterbody": {"type": "uri", "value": "http://dbpedia.org/resource/Meigs_County,_Tennessee"}, "count": {"type": "typed-literal", "datatype": "http://www.w3.org/2001/XMLSchema#integer", "value": "9"}, "Example": {"type": "uri", "value": "http://dbpedia.org/resource/Hiwassee_River"}}, {"Waterbody": {"type": "uri", "value": "http://dbpedia.org/resource/Black_River_(Louisiana)"}, "count": {"type": "typed-literal", "datatype": "http://www.w3.org/2001/XMLSchema#integer", "value": "9"}, "Example": {"type": "uri", "value": "http://dbpedia.org/resource/Caddo_River"}}, {"Waterbody": {"type": "uri", "value": "http://dbpedia.org/resource/Pocomoke_Sound"}, "count": {"type": "typed-literal", "datatype": "http://www.w3.org/2001/XMLSchema#integer", "value": "9"}, "Example": {"type": "uri", "value": "http://dbpedia.org/resource/Pocomoke_River"}}, {"Waterbody": {"type": "uri", "value": "http://dbpedia.org/resource/Walker_Lake_(Nevada)"}, "count": {"type": "typed-literal", "datatype": "http://www.w3.org/2001/XMLSchema#integer", "value": "9"}, "Example": {"type": "uri", "value": "http://dbpedia.org/resource/East_Walker_River"}}, {"Waterbody": {"type": "uri", "value": "http://dbpedia.org/resource/Green_River_(Colorado_River)"}, "count": {"type": "typed-literal", "datatype": "http://www.w3.org/2001/XMLSchema#integer", "value": "8"}, "Example": {"type": "uri", "value": "http://dbpedia.org/resource/New_Fork_River"}}, {"Waterbody": {"type": "uri", "value": "http://dbpedia.org/resource/Cook_Inlet"}, "count": {"type": "typed-literal", "datatype": "http://www.w3.org/2001/XMLSchema#integer", "value": "8"}, "Example": {"type": "uri", "value": "http://dbpedia.org/resource/Matanuska_River"}}, {"Waterbody": {"type": "uri", "value": "http://dbpedia.org/resource/Lake_Maurepas"}, "count": {"type": "typed-literal", "datatype": "http://www.w3.org/2001/XMLSchema#integer", "value": "8"}, "Example": {"type": "uri", "value": "http://dbpedia.org/resource/Amite_River"}}, {"Waterbody": {"type": "uri", "value": "http://dbpedia.org/resource/Lake_Pontchartrain"}, "count": {"type": "typed-literal", "datatype": "http://www.w3.org/2001/XMLSchema#integer", "value": "7"}, "Example": {"type": "uri", "value": "http://dbpedia.org/resource/Abita_River"}}, {"Waterbody": {"type": "uri", "value": "http://dbpedia.org/resource/Lake_Superior"}, "count": {"type": "typed-literal", "datatype": "http://www.w3.org/2001/XMLSchema#integer", "value": "7"}, "Example": {"type": "uri", "value": "http://dbpedia.org/resource/Huron_River_(northern_Michigan)"}}, {"Waterbody": {"type": "uri", "value": "http://dbpedia.org/resource/Beaufort_Sea"}, "count": {"type": "typed-literal", "datatype": "http://www.w3.org/2001/XMLSchema#integer", "value": "7"}, "Example": {"type": "uri", "value": "http://dbpedia.org/resource/Colville_River_(Alaska)"}}, {"Waterbody": {"type": "uri", "value": "http://dbpedia.org/resource/Arctic_Ocean"}, "count": {"type": "typed-literal", "datatype": "http://www.w3.org/2001/XMLSchema#integer", "value": "7"}, "Example": {"type": "uri", "value": "http://dbpedia.org/resource/Colville_River_(Alaska)"}}, {"Waterbody": {"type": "uri", "value": "http://dbpedia.org/resource/Salt_River_(Arizona)"}, "count": {"type": "typed-literal", "datatype": "http://www.w3.org/2001/XMLSchema#integer", "value": "6"}, "Example": {"type": "uri", "value": "http://dbpedia.org/resource/Granite_Creek_(Arizona)"}}, {"Waterbody": {"type": "uri", "value": "http://dbpedia.org/resource/San_Antonio_Bay"}, "count": {"type": "typed-literal", "datatype": "http://www.w3.org/2001/XMLSchema#integer", "value": "6"}, "Example": {"type": "uri", "value": "http://dbpedia.org/resource/Guadalupe_River_(Texas)"}}, {"Waterbody": {"type": "uri", "value": "http://dbpedia.org/resource/Coos_Bay"}, "count": {"type": "typed-literal", "datatype": "http://www.w3.org/2001/XMLSchema#integer", "value": "6"}, "Example": {"type": "uri", "value": "http://dbpedia.org/resource/Williams_River_(Oregon)"}}, {"Waterbody": {"type": "uri", "value": "http://dbpedia.org/resource/Pyramid_Lake_(Nevada)"}, "count": {"type": "typed-literal", "datatype": "http://www.w3.org/2001/XMLSchema#integer", "value": "6"}, "Example": {"type": "uri", "value": "http://dbpedia.org/resource/Truckee_River"}}, {"Waterbody": {"type": "uri", "value": "http://dbpedia.org/resource/Nushagak_Bay"}, "count": {"type": "typed-literal", "datatype": "http://www.w3.org/2001/XMLSchema#integer", "value": "6"}, "Example": {"type": "uri", "value": "http://dbpedia.org/resource/Igushik_River"}}, {"Waterbody": {"type": "uri", "value": "http://dbpedia.org/resource/Chukchi_Sea"}, "count": {"type": "typed-literal", "datatype": "http://www.w3.org/2001/XMLSchema#integer", "value": "6"}, "Example": {"type": "uri", "value": "http://dbpedia.org/resource/Noatak_River"}}, {"Waterbody": {"type": "uri", "value": "http://dbpedia.org/resource/Kuskokwim_Bay"}, "count": {"type": "typed-literal", "datatype": "http://www.w3.org/2001/XMLSchema#integer", "value": "6"}, "Example": {"type": "uri", "value": "http://dbpedia.org/resource/Eek_River"}}, {"Waterbody": {"type": "uri", "value": "http://dbpedia.org/resource/Lake_Marion_(South_Carolina)"}, "count": {"type": "typed-literal", "datatype": "http://www.w3.org/2001/XMLSchema#integer", "value": "6"}, "Example": {"type": "uri", "value": "http://dbpedia.org/resource/Broad_River_(Carolinas)"}}, {"Waterbody": {"type": "uri", "value": "http://dbpedia.org/resource/Lake_Tahoe"}, "count": {"type": "typed-literal", "datatype": "http://www.w3.org/2001/XMLSchema#integer", "value": "6"}, "Example": {"type": "uri", "value": "http://dbpedia.org/resource/Taylor_Creek_(Lake_Tahoe)"}}, {"Waterbody": {"type": "uri", "value": "http://dbpedia.org/resource/Lake_Pend_Oreille"}, "count": {"type": "typed-literal", "datatype": "http://www.w3.org/2001/XMLSchema#integer", "value": "6"}, "Example": {"type": "uri", "value": "http://dbpedia.org/resource/Bitterroot_River"}}, {"Waterbody": {"type": "uri", "value": "http://dbpedia.org/resource/Central_Valley_(California)"}, "count": {"type": "typed-literal", "datatype": "http://www.w3.org/2001/XMLSchema#integer", "value": "5"}, "Example": {"type": "uri", "value": "http://dbpedia.org/resource/Kings_River_(California)"}}, {"Waterbody": {"type": "uri", "value": "http://dbpedia.org/resource/Tule_Lake"}, "count": {"type": "typed-literal", "datatype": "http://www.w3.org/2001/XMLSchema#integer", "value": "5"}, "Example": {"type": "uri", "value": "http://dbpedia.org/resource/Lost_River_(California)"}}, {"Waterbody": {"type": "uri", "value": "http://dbpedia.org/resource/Chowan_River"}, "count": {"type": "typed-literal", "datatype": "http://www.w3.org/2001/XMLSchema#integer", "value": "5"}, "Example": {"type": "uri", "value": "http://dbpedia.org/resource/Nottoway_River"}}, {"Waterbody": {"type": "uri", "value": "http://dbpedia.org/resource/Tillamook_Bay"}, "count": {"type": "typed-literal", "datatype": "http://www.w3.org/2001/XMLSchema#integer", "value": "5"}, "Example": {"type": "uri", "value": "http://dbpedia.org/resource/Kilchis_River"}}, {"Waterbody": {"type": "uri", "value": "http://dbpedia.org/resource/Hood_Canal"}, "count": {"type": "typed-literal", "datatype": "http://www.w3.org/2001/XMLSchema#integer", "value": "5"}, "Example": {"type": "uri", "value": "http://dbpedia.org/resource/Big_Quilcene_River"}}, {"Waterbody": {"type": "uri", "value": "http://dbpedia.org/resource/Dana_Point,_California"}, "count": {"type": "typed-literal", "datatype": "http://www.w3.org/2001/XMLSchema#integer", "value": "5"}, "Example": {"type": "uri", "value": "http://dbpedia.org/resource/Bell_Canyon"}}, {"Waterbody": {"type": "uri", "value": "http://dbpedia.org/resource/Henrys_Fork_(Snake_River)"}, "count": {"type": "typed-literal", "datatype": "http://www.w3.org/2001/XMLSchema#integer", "value": "5"}, "Example": {"type": "uri", "value": "http://dbpedia.org/resource/Bitch_Creek"}}, {"Waterbody": {"type": "uri", "value": "http://dbpedia.org/resource/Tomales_Bay"}, "count": {"type": "typed-literal", "datatype": "http://www.w3.org/2001/XMLSchema#integer", "value": "5"}, "Example": {"type": "uri", "value": "http://dbpedia.org/resource/Lagunitas_Creek"}}, {"Waterbody": {"type": "uri", "value": "http://dbpedia.org/resource/Clark_Fork_(river)"}, "count": {"type": "typed-literal", "datatype": "http://www.w3.org/2001/XMLSchema#integer", "value": "5"}, "Example": {"type": "uri", "value": "http://dbpedia.org/resource/Blackfoot_River_(Montana)"}}, {"Waterbody": {"type": "uri", "value": "http://dbpedia.org/resource/Imuruk_Basin"}, "count": {"type": "typed-literal", "datatype": "http://www.w3.org/2001/XMLSchema#integer", "value": "5"}, "Example": {"type": "uri", "value": "http://dbpedia.org/resource/Kuzitrin_River"}}, {"Waterbody": {"type": "uri", "value": "http://dbpedia.org/resource/Doheny_State_Beach"}, "count": {"type": "typed-literal", "datatype": "http://www.w3.org/2001/XMLSchema#integer", "value": "5"}, "Example": {"type": "uri", "value": "http://dbpedia.org/resource/Bell_Canyon"}}, {"Waterbody": {"type": "uri", "value": "http://dbpedia.org/resource/Laurel,_Montana"}, "count": {"type": "typed-literal", "datatype": "http://www.w3.org/2001/XMLSchema#integer", "value": "4"}, "Example": {"type": "uri", "value": "http://dbpedia.org/resource/Clarks_Fork_Yellowstone_River"}}, {"Waterbody": {"type": "uri", "value": "http://dbpedia.org/resource/Youngs_Bay"}, "count": {"type": "typed-literal", "datatype": "http://www.w3.org/2001/XMLSchema#integer", "value": "4"}, "Example": {"type": "uri", "value": "http://dbpedia.org/resource/Klaskanine_River"}}, {"Waterbody": {"type": "uri", "value": "http://dbpedia.org/resource/Lake_Memphremagog"}, "count": {"type": "typed-literal", "datatype": "http://www.w3.org/2001/XMLSchema#integer", "value": "4"}, "Example": {"type": "uri", "value": "http://dbpedia.org/resource/Black_River_(Lake_Memphremagog)"}}, {"Waterbody": {"type": "uri", "value": "http://dbpedia.org/resource/Little_Bear_River"}, "count": {"type": "typed-literal", "datatype": "http://www.w3.org/2001/XMLSchema#integer", "value": "4"}, "Example": {"type": "uri", "value": "http://dbpedia.org/resource/Logan_River_(Utah-Idaho)"}}, {"Waterbody": {"type": "uri", "value": "http://dbpedia.org/resource/Ugashik_Bay"}, "count": {"type": "typed-literal", "datatype": "http://www.w3.org/2001/XMLSchema#integer", "value": "4"}, "Example": {"type": "uri", "value": "http://dbpedia.org/resource/Dago_Creek"}}, {"Waterbody": {"type": "uri", "value": "http://dbpedia.org/resource/Rock_River_(Iowa)"}, "count": {"type": "typed-literal", "datatype": "http://www.w3.org/2001/XMLSchema#integer", "value": "4"}, "Example": {"type": "uri", "value": "http://dbpedia.org/resource/Little_Rock_River"}}, {"Waterbody": {"type": "uri", "value": "http://dbpedia.org/resource/Norton_Sound"}, "count": {"type": "typed-literal", "datatype": "http://www.w3.org/2001/XMLSchema#integer", "value": "4"}, "Example": {"type": "uri", "value": "http://dbpedia.org/resource/Snake_River_(Nome,_Alaska)"}}, {"Waterbody": {"type": "uri", "value": "http://dbpedia.org/resource/Death_Valley"}, "count": {"type": "typed-literal", "datatype": "http://www.w3.org/2001/XMLSchema#integer", "value": "4"}, "Example": {"type": "uri", "value": "http://dbpedia.org/resource/Amargosa_River"}}, {"Waterbody": {"type": "uri", "value": "http://dbpedia.org/resource/Boyd_County,_Nebraska"}, "count": {"type": "typed-literal", "datatype": "http://www.w3.org/2001/XMLSchema#integer", "value": "4"}, "Example": {"type": "uri", "value": "http://dbpedia.org/resource/Keya_Paha_River"}}, {"Waterbody": {"type": "uri", "value": "http://dbpedia.org/resource/Albemarle_Sound"}, "count": {"type": "typed-literal", "datatype": "http://www.w3.org/2001/XMLSchema#integer", "value": "4"}, "Example": {"type": "uri", "value": "http://dbpedia.org/resource/Roanoke_River"}}, {"Waterbody": {"type": "uri", "value": "http://dbpedia.org/resource/Lake_Winnipeg"}, "count": {"type": "typed-literal", "datatype": "http://www.w3.org/2001/XMLSchema#integer", "value": "4"}, "Example": {"type": "uri", "value": "http://dbpedia.org/resource/Sand_Hill_River"}}, {"Waterbody": {"type": "uri", "value": "http://dbpedia.org/resource/San_Juan_River_(Colorado_River)"}, "count": {"type": "typed-literal", "datatype": "http://www.w3.org/2001/XMLSchema#integer", "value": "4"}, "Example": {"type": "uri", "value": "http://dbpedia.org/resource/Animas_River"}}, {"Waterbody": {"type": "uri", "value": "http://dbpedia.org/resource/Powder_River_(Montana)"}, "count": {"type": "typed-literal", "datatype": "http://www.w3.org/2001/XMLSchema#integer", "value": "4"}, "Example": {"type": "uri", "value": "http://dbpedia.org/resource/Little_Powder_River"}}, {"Waterbody": {"type": "uri", "value": "http://dbpedia.org/resource/Big_Sioux_River"}, "count": {"type": "typed-literal", "datatype": "http://www.w3.org/2001/XMLSchema#integer", "value": "4"}, "Example": {"type": "uri", "value": "http://dbpedia.org/resource/Rock_River_(Big_Sioux_River)"}}, {"Waterbody": {"type": "uri", "value": "http://dbpedia.org/resource/Bluestone_Lake"}, "count": {"type": "typed-literal", "datatype": "http://www.w3.org/2001/XMLSchema#integer", "value": "4"}, "Example": {"type": "uri", "value": "http://dbpedia.org/resource/Bluestone_River"}}, {"Waterbody": {"type": "uri", "value": "http://dbpedia.org/resource/Union_County,_Tennessee"}, "count": {"type": "typed-literal", "datatype": "http://www.w3.org/2001/XMLSchema#integer", "value": "4"}, "Example": {"type": "uri", "value": "http://dbpedia.org/resource/Powell_River_(Tennessee_River_tributary)"}}, {"Waterbody": {"type": "uri", "value": "http://dbpedia.org/resource/Pocahontas,_Arkansas"}, "count": {"type": "typed-literal", "datatype": "http://www.w3.org/2001/XMLSchema#integer", "value": "4"}, "Example": {"type": "uri", "value": "http://dbpedia.org/resource/Fourche_River"}}, {"Waterbody": {"type": "uri", "value": "http://dbpedia.org/resource/Sabine_Lake"}, "count": {"type": "typed-literal", "datatype": "http://www.w3.org/2001/XMLSchema#integer", "value": "4"}, "Example": {"type": "uri", "value": "http://dbpedia.org/resource/Sabine_River_(Texas\u2013Louisiana)"}}, {"Waterbody": {"type": "uri", "value": "http://dbpedia.org/resource/Salt_Fork_of_the_Arkansas_River"}, "count": {"type": "typed-literal", "datatype": "http://www.w3.org/2001/XMLSchema#integer", "value": "4"}, "Example": {"type": "uri", "value": "http://dbpedia.org/resource/Chikaskia_River"}}, {"Waterbody": {"type": "uri", "value": "http://dbpedia.org/resource/Black_River_(Arkansas)"}, "count": {"type": "typed-literal", "datatype": "http://www.w3.org/2001/XMLSchema#integer", "value": "4"}, "Example": {"type": "uri", "value": "http://dbpedia.org/resource/Current_River_(Ozarks)"}}, {"Waterbody": {"type": "uri", "value": "http://dbpedia.org/resource/Flaming_Gorge_Reservoir"}, "count": {"type": "typed-literal", "datatype": "http://www.w3.org/2001/XMLSchema#integer", "value": "4"}, "Example": {"type": "uri", "value": "http://dbpedia.org/resource/Blacks_Fork"}}, {"Waterbody": {"type": "uri", "value": "http://dbpedia.org/resource/Lake_Washington"}, "count": {"type": "typed-literal", "datatype": "http://www.w3.org/2001/XMLSchema#integer", "value": "4"}, "Example": {"type": "uri", "value": "http://dbpedia.org/resource/Sammamish_River"}}, {"Waterbody": {"type": "uri", "value": "http://dbpedia.org/resource/Winyah_Bay"}, "count": {"type": "typed-literal", "datatype": "http://www.w3.org/2001/XMLSchema#integer", "value": "4"}, "Example": {"type": "uri", "value": "http://dbpedia.org/resource/Pee_Dee_River"}}, {"Waterbody": {"type": "uri", "value": "http://dbpedia.org/resource/Harlan_County_Reservoir"}, "count": {"type": "typed-literal", "datatype": "http://www.w3.org/2001/XMLSchema#integer", "value": "4"}, "Example": {"type": "uri", "value": "http://dbpedia.org/resource/Prairie_Dog_Creek"}}, {"Waterbody": {"type": "uri", "value": "http://dbpedia.org/resource/Ochlockonee_Bay"}, "count": {"type": "typed-literal", "datatype": "http://www.w3.org/2001/XMLSchema#integer", "value": "4"}, "Example": {"type": "uri", "value": "http://dbpedia.org/resource/Ochlockonee_River"}}, {"Waterbody": {"type": "uri", "value": "http://dbpedia.org/resource/Blue_River_(Missouri)"}, "count": {"type": "typed-literal", "datatype": "http://www.w3.org/2001/XMLSchema#integer", "value": "4"}, "Example": {"type": "uri", "value": "http://dbpedia.org/resource/Brush_Creek_(Blue_River_tributary)"}}, {"Waterbody": {"type": "uri", "value": "http://dbpedia.org/resource/Nipmuc_River"}, "count": {"type": "typed-literal", "datatype": "http://www.w3.org/2001/XMLSchema#integer", "value": "4"}, "Example": {"type": "uri", "value": "http://dbpedia.org/resource/Chockalog_River"}}, {"Waterbody": {"type": "uri", "value": "http://dbpedia.org/resource/Matagorda_Bay"}, "count": {"type": "typed-literal", "datatype": "http://www.w3.org/2001/XMLSchema#integer", "value": "3"}, "Example": {"type": "uri", "value": "http://dbpedia.org/resource/Barton_Creek"}}, {"Waterbody": {"type": "uri", "value": "http://dbpedia.org/resource/Colorado_River_(U.S.)"}, "count": {"type": "typed-literal", "datatype": "http://www.w3.org/2001/XMLSchema#integer", "value": "3"}, "Example": {"type": "uri", "value": "http://dbpedia.org/resource/North_Fork_Gunnison_River"}}, {"Waterbody": {"type": "uri", "value": "http://dbpedia.org/resource/Bodega_Bay"}, "count": {"type": "typed-literal", "datatype": "http://www.w3.org/2001/XMLSchema#integer", "value": "3"}, "Example": {"type": "uri", "value": "http://dbpedia.org/resource/Americano_Creek"}}, {"Waterbody": {"type": "uri", "value": "http://dbpedia.org/resource/Strait_of_Juan_de_Fuca"}, "count": {"type": "typed-literal", "datatype": "http://www.w3.org/2001/XMLSchema#integer", "value": "3"}, "Example": {"type": "uri", "value": "http://dbpedia.org/resource/Dungeness_River"}}, {"Waterbody": {"type": "uri", "value": "http://dbpedia.org/resource/Golovnin_Bay"}, "count": {"type": "typed-literal", "datatype": "http://www.w3.org/2001/XMLSchema#integer", "value": "3"}, "Example": {"type": "uri", "value": "http://dbpedia.org/resource/Fish_River_(Alaska)"}}, {"Waterbody": {"type": "uri", "value": "http://dbpedia.org/resource/Lake_of_the_Ozarks"}, "count": {"type": "typed-literal", "datatype": "http://www.w3.org/2001/XMLSchema#integer", "value": "3"}, "Example": {"type": "uri", "value": "http://dbpedia.org/resource/Little_Niangua_River"}}, {"Waterbody": {"type": "uri", "value": "http://dbpedia.org/resource/Kvichak_Bay"}, "count": {"type": "typed-literal", "datatype": "http://www.w3.org/2001/XMLSchema#integer", "value": "3"}, "Example": {"type": "uri", "value": "http://dbpedia.org/resource/Alagnak_River"}}, {"Waterbody": {"type": "uri", "value": "http://dbpedia.org/resource/Kasegaluk_Lagoon"}, "count": {"type": "typed-literal", "datatype": "http://www.w3.org/2001/XMLSchema#integer", "value": "3"}, "Example": {"type": "uri", "value": "http://dbpedia.org/resource/Kokolik_River"}}, {"Waterbody": {"type": "uri", "value": "http://dbpedia.org/resource/Boston_Harbor"}, "count": {"type": "typed-literal", "datatype": "http://www.w3.org/2001/XMLSchema#integer", "value": "3"}, "Example": {"type": "uri", "value": "http://dbpedia.org/resource/Chelsea_Creek"}}, {"Waterbody": {"type": "uri", "value": "http://dbpedia.org/resource/Dyer_County,_Tennessee"}, "count": {"type": "typed-literal", "datatype": "http://www.w3.org/2001/XMLSchema#integer", "value": "3"}, "Example": {"type": "uri", "value": "http://dbpedia.org/resource/North_Fork_of_the_Forked_Deer_River"}}, {"Waterbody": {"type": "uri", "value": "http://dbpedia.org/resource/Bristol_Bay"}, "count": {"type": "typed-literal", "datatype": "http://www.w3.org/2001/XMLSchema#integer", "value": "3"}, "Example": {"type": "uri", "value": "http://dbpedia.org/resource/Cinder_River"}}, {"Waterbody": {"type": "uri", "value": "http://dbpedia.org/resource/Lake_Champlain"}, "count": {"type": "typed-literal", "datatype": "http://www.w3.org/2001/XMLSchema#integer", "value": "3"}, "Example": {"type": "uri", "value": "http://dbpedia.org/resource/Otter_Creek_(Vermont)"}}, {"Waterbody": {"type": "uri", "value": "http://dbpedia.org/resource/Lake_Oroville"}, "count": {"type": "typed-literal", "datatype": "http://www.w3.org/2001/XMLSchema#integer", "value": "3"}, "Example": {"type": "uri", "value": "http://dbpedia.org/resource/Middle_Fork_Feather_River"}}, {"Waterbody": {"type": "uri", "value": "http://dbpedia.org/resource/Upper_Klamath_Lake"}, "count": {"type": "typed-literal", "datatype": "http://www.w3.org/2001/XMLSchema#integer", "value": "3"}, "Example": {"type": "uri", "value": "http://dbpedia.org/resource/Sprague_River_(Oregon)"}}, {"Waterbody": {"type": "uri", "value": "http://dbpedia.org/resource/Owens_Lake"}, "count": {"type": "typed-literal", "datatype": "http://www.w3.org/2001/XMLSchema#integer", "value": "3"}, "Example": {"type": "uri", "value": "http://dbpedia.org/resource/Big_Pine_Creek_(California)"}}, {"Waterbody": {"type": "uri", "value": "http://dbpedia.org/resource/Brownlee_Dam"}, "count": {"type": "typed-literal", "datatype": "http://www.w3.org/2001/XMLSchema#integer", "value": "3"}, "Example": {"type": "uri", "value": "http://dbpedia.org/resource/Powder_River_(Oregon)"}}, {"Waterbody": {"type": "uri", "value": "http://dbpedia.org/resource/Searsville_Dam"}, "count": {"type": "typed-literal", "datatype": "http://www.w3.org/2001/XMLSchema#integer", "value": "3"}, "Example": {"type": "uri", "value": "http://dbpedia.org/resource/Corte_Madera_Creek_(San_Mateo_County,_California)"}}, {"Waterbody": {"type": "uri", "value": "http://dbpedia.org/resource/Rio_Chama_(Rio_Grande)"}, "count": {"type": "typed-literal", "datatype": "http://www.w3.org/2001/XMLSchema#integer", "value": "3"}, "Example": {"type": "uri", "value": "http://dbpedia.org/resource/Rio_Brazos_(New_Mexico)"}}, {"Waterbody": {"type": "uri", "value": "http://dbpedia.org/resource/Upper_Newport_Bay"}, "count": {"type": "typed-literal", "datatype": "http://www.w3.org/2001/XMLSchema#integer", "value": "3"}, "Example": {"type": "uri", "value": "http://dbpedia.org/resource/San_Diego_Creek"}}, {"Waterbody": {"type": "uri", "value": "http://dbpedia.org/resource/Lake_Ontario"}, "count": {"type": "typed-literal", "datatype": "http://www.w3.org/2001/XMLSchema#integer", "value": "2"}, "Example": {"type": "uri", "value": "http://dbpedia.org/resource/Genesee_River"}}, {"Waterbody": {"type": "uri", "value": "http://dbpedia.org/resource/Port_Snettisham"}, "count": {"type": "typed-literal", "datatype": "http://www.w3.org/2001/XMLSchema#integer", "value": "2"}, "Example": {"type": "uri", "value": "http://dbpedia.org/resource/Whiting_River"}}, {"Waterbody": {"type": "uri", "value": "http://dbpedia.org/resource/Distributary"}, "count": {"type": "typed-literal", "datatype": "http://www.w3.org/2001/XMLSchema#integer", "value": "2"}, "Example": {"type": "uri", "value": "http://dbpedia.org/resource/Birch_Creek_(Yukon_River_tributary)"}}, {"Waterbody": {"type": "uri", "value": "http://dbpedia.org/resource/Malheur_Lake"}, "count": {"type": "typed-literal", "datatype": "http://www.w3.org/2001/XMLSchema#integer", "value": "2"}, "Example": {"type": "uri", "value": "http://dbpedia.org/resource/Donner_und_Blitzen_River"}}, {"Waterbody": {"type": "uri", "value": "http://dbpedia.org/resource/Willapa_Bay"}, "count": {"type": "typed-literal", "datatype": "http://www.w3.org/2001/XMLSchema#integer", "value": "2"}, "Example": {"type": "uri", "value": "http://dbpedia.org/resource/Niawiakum_River"}}, {"Waterbody": {"type": "uri", "value": "http://dbpedia.org/resource/Lake_Wenatchee"}, "count": {"type": "typed-literal", "datatype": "http://www.w3.org/2001/XMLSchema#integer", "value": "2"}, "Example": {"type": "uri", "value": "http://dbpedia.org/resource/Little_Wenatchee_River"}}, {"Waterbody": {"type": "uri", "value": "http://dbpedia.org/resource/Smith_River_(Umpqua_River)"}, "count": {"type": "typed-literal", "datatype": "http://www.w3.org/2001/XMLSchema#integer", "value": "2"}, "Example": {"type": "uri", "value": "http://dbpedia.org/resource/West_Fork_Smith_River"}}, {"Waterbody": {"type": "uri", "value": "http://dbpedia.org/resource/Goleta_Slough"}, "count": {"type": "typed-literal", "datatype": "http://www.w3.org/2001/XMLSchema#integer", "value": "2"}, "Example": {"type": "uri", "value": "http://dbpedia.org/resource/Atascadero_Creek_(Santa_Barbara_County,_California)"}}, {"Waterbody": {"type": "uri", "value": "http://dbpedia.org/resource/Norton_Bay"}, "count": {"type": "typed-literal", "datatype": "http://www.w3.org/2001/XMLSchema#integer", "value": "2"}, "Example": {"type": "uri", "value": "http://dbpedia.org/resource/Koyuk_River"}}, {"Waterbody": {"type": "uri", "value": "http://dbpedia.org/resource/Mono_Lake"}, "count": {"type": "typed-literal", "datatype": "http://www.w3.org/2001/XMLSchema#integer", "value": "2"}, "Example": {"type": "uri", "value": "http://dbpedia.org/resource/Mill_Creek_(Mono_Lake)"}}, {"Waterbody": {"type": "uri", "value": "http://dbpedia.org/resource/Humboldt_Sink"}, "count": {"type": "typed-literal", "datatype": "http://www.w3.org/2001/XMLSchema#integer", "value": "2"}, "Example": {"type": "uri", "value": "http://dbpedia.org/resource/Humboldt_River"}}, {"Waterbody": {"type": "uri", "value": "http://dbpedia.org/resource/Little_Lehigh_Creek"}, "count": {"type": "typed-literal", "datatype": "http://www.w3.org/2001/XMLSchema#integer", "value": "2"}, "Example": {"type": "uri", "value": "http://dbpedia.org/resource/Jordan_Creek_(Pennsylvania)"}}, {"Waterbody": {"type": "uri", "value": "http://dbpedia.org/resource/Graham,_Texas"}, "count": {"type": "typed-literal", "datatype": "http://www.w3.org/2001/XMLSchema#integer", "value": "2"}, "Example": {"type": "uri", "value": "http://dbpedia.org/resource/Clear_Fork_Brazos_River"}}, {"Waterbody": {"type": "uri", "value": "http://dbpedia.org/resource/Washoe_Lake"}, "count": {"type": "typed-literal", "datatype": "http://www.w3.org/2001/XMLSchema#integer", "value": "2"}, "Example": {"type": "uri", "value": "http://dbpedia.org/resource/Incline_Creek"}}, {"Waterbody": {"type": "uri", "value": "http://dbpedia.org/resource/Kachemak_Bay"}, "count": {"type": "typed-literal", "datatype": "http://www.w3.org/2001/XMLSchema#integer", "value": "2"}, "Example": {"type": "uri", "value": "http://dbpedia.org/resource/Fox_River_(Alaska)"}}, {"Waterbody": {"type": "uri", "value": "http://dbpedia.org/resource/Prudhoe_Bay,_Alaska"}, "count": {"type": "typed-literal", "datatype": "http://www.w3.org/2001/XMLSchema#integer", "value": "2"}, "Example": {"type": "uri", "value": "http://dbpedia.org/resource/Ivishak_River"}}, {"Waterbody": {"type": "uri", "value": "http://dbpedia.org/resource/North_Popo_Agie"}, "count": {"type": "typed-literal", "datatype": "http://www.w3.org/2001/XMLSchema#integer", "value": "2"}, "Example": {"type": "uri", "value": "http://dbpedia.org/resource/Middle_Fork_Popo_Agie_River"}}, {"Waterbody": {"type": "uri", "value": "http://dbpedia.org/resource/Pacific_ocean"}, "count": {"type": "typed-literal", "datatype": "http://www.w3.org/2001/XMLSchema#integer", "value": "2"}, "Example": {"type": "uri", "value": "http://dbpedia.org/resource/Big_Sur_River"}}, {"Waterbody": {"type": "uri", "value": "http://dbpedia.org/resource/Truman_Reservoir"}, "count": {"type": "typed-literal", "datatype": "http://www.w3.org/2001/XMLSchema#integer", "value": "2"}, "Example": {"type": "uri", "value": "http://dbpedia.org/resource/Sac_River"}}, {"Waterbody": {"type": "uri", "value": "http://dbpedia.org/resource/Stockport_Creek"}, "count": {"type": "typed-literal", "datatype": "http://www.w3.org/2001/XMLSchema#integer", "value": "2"}, "Example": {"type": "uri", "value": "http://dbpedia.org/resource/Kinderhook_Creek"}}, {"Waterbody": {"type": "uri", "value": "http://dbpedia.org/resource/Little_Deschutes_River"}, "count": {"type": "typed-literal", "datatype": "http://www.w3.org/2001/XMLSchema#integer", "value": "2"}, "Example": {"type": "uri", "value": "http://dbpedia.org/resource/Crescent_Creek"}}, {"Waterbody": {"type": "uri", "value": "http://dbpedia.org/resource/Knik_Arm"}, "count": {"type": "typed-literal", "datatype": "http://www.w3.org/2001/XMLSchema#integer", "value": "2"}, "Example": {"type": "uri", "value": "http://dbpedia.org/resource/Matanuska_River"}}, {"Waterbody": {"type": "uri", "value": "http://dbpedia.org/resource/Goodhope_Bay"}, "count": {"type": "typed-literal", "datatype": "http://www.w3.org/2001/XMLSchema#integer", "value": "2"}, "Example": {"type": "uri", "value": "http://dbpedia.org/resource/Goodhope_River"}}, {"Waterbody": {"type": "uri", "value": "http://dbpedia.org/resource/Turnagain_Arm"}, "count": {"type": "typed-literal", "datatype": "http://www.w3.org/2001/XMLSchema#integer", "value": "2"}, "Example": {"type": "uri", "value": "http://dbpedia.org/resource/Glacier_River"}}, {"Waterbody": {"type": "uri", "value": "http://dbpedia.org/resource/Elliott_Bay"}, "count": {"type": "typed-literal", "datatype": "http://www.w3.org/2001/XMLSchema#integer", "value": "2"}, "Example": {"type": "uri", "value": "http://dbpedia.org/resource/Duwamish_River"}}, {"Waterbody": {"type": "uri", "value": "http://dbpedia.org/resource/Apalachee_Bay"}, "count": {"type": "typed-literal", "datatype": "http://www.w3.org/2001/XMLSchema#integer", "value": "2"}, "Example": {"type": "uri", "value": "http://dbpedia.org/resource/Wakulla_River"}}, {"Waterbody": {"type": "uri", "value": "http://dbpedia.org/resource/Sacramento-San_Joaquin_Delta"}, "count": {"type": "typed-literal", "datatype": "http://www.w3.org/2001/XMLSchema#integer", "value": "2"}, "Example": {"type": "uri", "value": "http://dbpedia.org/resource/Mokelumne_River"}}, {"Waterbody": {"type": "uri", "value": "http://dbpedia.org/resource/Kobuk_Delta"}, "count": {"type": "typed-literal", "datatype": "http://www.w3.org/2001/XMLSchema#integer", "value": "2"}, "Example": {"type": "uri", "value": "http://dbpedia.org/resource/Kobuk_River"}}, {"Waterbody": {"type": "uri", "value": "http://dbpedia.org/resource/Chilkat_Inlet"}, "count": {"type": "typed-literal", "datatype": "http://www.w3.org/2001/XMLSchema#integer", "value": "2"}, "Example": {"type": "uri", "value": "http://dbpedia.org/resource/Chilkat_River"}}, {"Waterbody": {"type": "uri", "value": "http://dbpedia.org/resource/Hampton_Roads"}, "count": {"type": "typed-literal", "datatype": "http://www.w3.org/2001/XMLSchema#integer", "value": "2"}, "Example": {"type": "uri", "value": "http://dbpedia.org/resource/Appomattox_River"}}, {"Waterbody": {"type": "uri", "value": "http://dbpedia.org/resource/Coeur_d'Alene_Lake"}, "count": {"type": "typed-literal", "datatype": "http://www.w3.org/2001/XMLSchema#integer", "value": "2"}, "Example": {"type": "uri", "value": "http://dbpedia.org/resource/Coeur_d'Alene_River"}}, {"Waterbody": {"type": "uri", "value": "http://dbpedia.org/resource/South_Branch_Raritan_River"}, "count": {"type": "typed-literal", "datatype": "http://www.w3.org/2001/XMLSchema#integer", "value": "2"}, "Example": {"type": "uri", "value": "http://dbpedia.org/resource/Holland_Brook"}}, {"Waterbody": {"type": "uri", "value": "http://dbpedia.org/resource/San_Juan_Capistrano"}, "count": {"type": "typed-literal", "datatype": "http://www.w3.org/2001/XMLSchema#integer", "value": "2"}, "Example": {"type": "uri", "value": "http://dbpedia.org/resource/Oso_Creek"}}, {"Waterbody": {"type": "uri", "value": "http://dbpedia.org/resource/Tioga_River_(Chemung_River)"}, "count": {"type": "typed-literal", "datatype": "http://www.w3.org/2001/XMLSchema#integer", "value": "2"}, "Example": {"type": "uri", "value": "http://dbpedia.org/resource/Cowanesque_River"}}, {"Waterbody": {"type": "uri", "value": "http://dbpedia.org/resource/Fishing_Bay"}, "count": {"type": "typed-literal", "datatype": "http://www.w3.org/2001/XMLSchema#integer", "value": "2"}, "Example": {"type": "uri", "value": "http://dbpedia.org/resource/Blackwater_River_(Maryland)"}}, {"Waterbody": {"type": "uri", "value": "http://dbpedia.org/resource/Waconda_Lake"}, "count": {"type": "typed-literal", "datatype": "http://www.w3.org/2001/XMLSchema#integer", "value": "2"}, "Example": {"type": "uri", "value": "http://dbpedia.org/resource/North_Fork_Solomon_River"}}, {"Waterbody": {"type": "uri", "value": "http://dbpedia.org/resource/Green_Bay_(Lake_Michigan)"}, "count": {"type": "typed-literal", "datatype": "http://www.w3.org/2001/XMLSchema#integer", "value": "2"}, "Example": {"type": "uri", "value": "http://dbpedia.org/resource/Bark_River_(Michigan)"}}, {"Waterbody": {"type": "uri", "value": "http://dbpedia.org/resource/Dorchester_Bay_(Boston_Harbor)"}, "count": {"type": "typed-literal", "datatype": "http://www.w3.org/2001/XMLSchema#integer", "value": "2"}, "Example": {"type": "uri", "value": "http://dbpedia.org/resource/Mother_Brook"}}, {"Waterbody": {"type": "uri", "value": "http://dbpedia.org/resource/Buena_Vista_Lake"}, "count": {"type": "typed-literal", "datatype": "http://www.w3.org/2001/XMLSchema#integer", "value": "2"}, "Example": {"type": "uri", "value": "http://dbpedia.org/resource/Kern_River"}}, {"Waterbody": {"type": "uri", "value": "http://dbpedia.org/resource/Little_Bay_de_Noc"}, "count": {"type": "typed-literal", "datatype": "http://www.w3.org/2001/XMLSchema#integer", "value": "2"}, "Example": {"type": "uri", "value": "http://dbpedia.org/resource/Rapid_River_(Delta_County,_Michigan)"}}, {"Waterbody": {"type": "uri", "value": "http://dbpedia.org/resource/Yaquina_Bay"}, "count": {"type": "typed-literal", "datatype": "http://www.w3.org/2001/XMLSchema#integer", "value": "2"}, "Example": {"type": "uri", "value": "http://dbpedia.org/resource/Yaquina_River"}}, {"Waterbody": {"type": "uri", "value": "http://dbpedia.org/resource/North_Channel_(Ontario)"}, "count": {"type": "typed-literal", "datatype": "http://www.w3.org/2001/XMLSchema#integer", "value": "2"}, "Example": {"type": "uri", "value": "http://dbpedia.org/resource/St._Marys_River_(Michigan\u2013Ontario)"}}, {"Waterbody": {"type": "uri", "value": "http://dbpedia.org/resource/Great_Salt_Lake"}, "count": {"type": "typed-literal", "datatype": "http://www.w3.org/2001/XMLSchema#integer", "value": "2"}, "Example": {"type": "uri", "value": "http://dbpedia.org/resource/Jordan_River_(Utah)"}}, {"Waterbody": {"type": "uri", "value": "http://dbpedia.org/resource/Saginaw_Bay"}, "count": {"type": "typed-literal", "datatype": "http://www.w3.org/2001/XMLSchema#integer", "value": "2"}, "Example": {"type": "uri", "value": "http://dbpedia.org/resource/Pinconning_River"}}, {"Waterbody": {"type": "uri", "value": "http://dbpedia.org/resource/Muscoot_Reservoir"}, "count": {"type": "typed-literal", "datatype": "http://www.w3.org/2001/XMLSchema#integer", "value": "2"}, "Example": {"type": "uri", "value": "http://dbpedia.org/resource/Titicus_River"}}, {"Waterbody": {"type": "uri", "value": "http://dbpedia.org/resource/Tulare_Lake"}, "count": {"type": "typed-literal", "datatype": "http://www.w3.org/2001/XMLSchema#integer", "value": "2"}, "Example": {"type": "uri", "value": "http://dbpedia.org/resource/Tule_River"}}, {"Waterbody": {"type": "uri", "value": "http://dbpedia.org/resource/Nestucca_Bay"}, "count": {"type": "typed-literal", "datatype": "http://www.w3.org/2001/XMLSchema#integer", "value": "2"}, "Example": {"type": "uri", "value": "http://dbpedia.org/resource/Little_Nestucca_River"}}, {"Waterbody": {"type": "uri", "value": "http://dbpedia.org/resource/Big_Horn_River"}, "count": {"type": "typed-literal", "datatype": "http://www.w3.org/2001/XMLSchema#integer", "value": "2"}, "Example": {"type": "uri", "value": "http://dbpedia.org/resource/Greybull_River"}}, {"Waterbody": {"type": "uri", "value": "http://dbpedia.org/resource/Kotzebue_Sound"}, "count": {"type": "typed-literal", "datatype": "http://www.w3.org/2001/XMLSchema#integer", "value": "2"}, "Example": {"type": "uri", "value": "http://dbpedia.org/resource/Noatak_River"}}, {"Waterbody": {"type": "uri", "value": "http://dbpedia.org/resource/Nehalem_Bay"}, "count": {"type": "typed-literal", "datatype": "http://www.w3.org/2001/XMLSchema#integer", "value": "2"}, "Example": {"type": "uri", "value": "http://dbpedia.org/resource/Nehalem_River"}}, {"Waterbody": {"type": "uri", "value": "http://dbpedia.org/resource/Mansfield_Hollow_Lake"}, "count": {"type": "typed-literal", "datatype": "http://www.w3.org/2001/XMLSchema#integer", "value": "2"}, "Example": {"type": "uri", "value": "http://dbpedia.org/resource/Mount_Hope_River"}}, {"Waterbody": {"type": "uri", "value": "http://dbpedia.org/resource/Dry_Fork_(Cheat_River)"}, "count": {"type": "typed-literal", "datatype": "http://www.w3.org/2001/XMLSchema#integer", "value": "2"}, "Example": {"type": "uri", "value": "http://dbpedia.org/resource/Glady_Fork"}}, {"Waterbody": {"type": "uri", "value": "http://dbpedia.org/resource/Bay_of_Fundy"}, "count": {"type": "typed-literal", "datatype": "http://www.w3.org/2001/XMLSchema#integer", "value": "2"}, "Example": {"type": "uri", "value": "http://dbpedia.org/resource/Allagash_River"}}, {"Waterbody": {"type": "uri", "value": "http://dbpedia.org/resource/Siletz_Bay"}, "count": {"type": "typed-literal", "datatype": "http://www.w3.org/2001/XMLSchema#integer", "value": "2"}, "Example": {"type": "uri", "value": "http://dbpedia.org/resource/Siletz_River"}}, {"Waterbody": {"type": "uri", "value": "http://dbpedia.org/resource/Mud_Lake_(Jefferson_County,_Idaho)"}, "count": {"type": "typed-literal", "datatype": "http://www.w3.org/2001/XMLSchema#integer", "value": "2"}, "Example": {"type": "uri", "value": "http://dbpedia.org/resource/Beaver_Creek_(Camas_Creek)"}}, {"Waterbody": {"type": "uri", "value": "http://dbpedia.org/resource/Ellis_River_(New_Hampshire)"}, "count": {"type": "typed-literal", "datatype": "http://www.w3.org/2001/XMLSchema#integer", "value": "2"}, "Example": {"type": "uri", "value": "http://dbpedia.org/resource/Cutler_River_(New_Hampshire)"}}, {"Waterbody": {"type": "uri", "value": "http://dbpedia.org/resource/Port_of_Indiana"}, "count": {"type": "typed-literal", "datatype": "http://www.w3.org/2001/XMLSchema#integer", "value": "2"}, "Example": {"type": "uri", "value": "http://dbpedia.org/resource/East_Arm_Little_Calumet_River"}}, {"Waterbody": {"type": "uri", "value": "http://dbpedia.org/resource/Tuksuk_Channel"}, "count": {"type": "typed-literal", "datatype": "http://www.w3.org/2001/XMLSchema#integer", "value": "1"}, "Example": {"type": "uri", "value": "http://dbpedia.org/resource/Bluestone_River_(Alaska)"}}, {"Waterbody": {"type": "uri", "value": "http://dbpedia.org/resource/Salton_Sea"}, "count": {"type": "typed-literal", "datatype": "http://www.w3.org/2001/XMLSchema#integer", "value": "1"}, "Example": {"type": "uri", "value": "http://dbpedia.org/resource/Whitewater_River_(California)"}}, {"Waterbody": {"type": "uri", "value": "http://dbpedia.org/resource/Morgan_County,_Tennessee"}, "count": {"type": "typed-literal", "datatype": "http://www.w3.org/2001/XMLSchema#integer", "value": "1"}, "Example": {"type": "uri", "value": "http://dbpedia.org/resource/Obed_River"}}, {"Waterbody": {"type": "uri", "value": "http://dbpedia.org/resource/French_Camp_Slough"}, "count": {"type": "typed-literal", "datatype": "http://www.w3.org/2001/XMLSchema#integer", "value": "1"}, "Example": {"type": "uri", "value": "http://dbpedia.org/resource/Lone_Tree_Creek,_San_Joaquin_County"}}, {"Waterbody": {"type": "uri", "value": "http://dbpedia.org/resource/Crabtree_Creek_(South_Santiam_River)"}, "count": {"type": "typed-literal", "datatype": "http://www.w3.org/2001/XMLSchema#integer", "value": "1"}, "Example": {"type": "uri", "value": "http://dbpedia.org/resource/Roaring_River_(Crabtree_Creek)"}}, {"Waterbody": {"type": "uri", "value": "http://dbpedia.org/resource/Yolo_Bypass"}, "count": {"type": "typed-literal", "datatype": "http://www.w3.org/2001/XMLSchema#integer", "value": "1"}, "Example": {"type": "uri", "value": "http://dbpedia.org/resource/Putah_Creek"}}, {"Waterbody": {"type": "uri", "value": "http://dbpedia.org/resource/Lake_Wallula"}, "count": {"type": "typed-literal", "datatype": "http://www.w3.org/2001/XMLSchema#integer", "value": "1"}, "Example": {"type": "uri", "value": "http://dbpedia.org/resource/Hanford_Reach"}}, {"Waterbody": {"type": "uri", "value": "http://dbpedia.org/resource/Black_Fork_(Cheat_River)"}, "count": {"type": "typed-literal", "datatype": "http://www.w3.org/2001/XMLSchema#integer", "value": "1"}, "Example": {"type": "uri", "value": "http://dbpedia.org/resource/Blackwater_River_(West_Virginia)"}}, {"Waterbody": {"type": "uri", "value": "http://dbpedia.org/resource/North_Fork_Shenandoah_River"}, "count": {"type": "typed-literal", "datatype": "http://www.w3.org/2001/XMLSchema#integer", "value": "1"}, "Example": {"type": "uri", "value": "http://dbpedia.org/resource/Passage_Creek"}}, {"Waterbody": {"type": "uri", "value": "http://dbpedia.org/resource/Little_River_(North_Umpqua_River)"}, "count": {"type": "typed-literal", "datatype": "http://www.w3.org/2001/XMLSchema#integer", "value": "1"}, "Example": {"type": "uri", "value": "http://dbpedia.org/resource/Cavitt_Creek"}}, {"Waterbody": {"type": "uri", "value": "http://dbpedia.org/resource/Conowingo_Dam"}, "count": {"type": "typed-literal", "datatype": "http://www.w3.org/2001/XMLSchema#integer", "value": "1"}, "Example": {"type": "uri", "value": "http://dbpedia.org/resource/Broad_Creek_(Susquehanna_River_tributary)"}}, {"Waterbody": {"type": "uri", "value": "http://dbpedia.org/resource/Chapman_Bay"}, "count": {"type": "typed-literal", "datatype": "http://www.w3.org/2001/XMLSchema#integer", "value": "1"}, "Example": {"type": "uri", "value": "http://dbpedia.org/resource/Libby_Creek_(Washington)"}}, {"Waterbody": {"type": "uri", "value": "http://dbpedia.org/resource/Pine_River_(Florence_County)"}, "count": {"type": "typed-literal", "datatype": "http://www.w3.org/2001/XMLSchema#integer", "value": "1"}, "Example": {"type": "uri", "value": "http://dbpedia.org/resource/Popple_River_(Pine_River_tributary)"}}, {"Waterbody": {"type": "uri", "value": "http://dbpedia.org/resource/Bigelow,_Arkansas"}, "count": {"type": "typed-literal", "datatype": "http://www.w3.org/2001/XMLSchema#integer", "value": "1"}, "Example": {"type": "uri", "value": "http://dbpedia.org/resource/Fourche_La_Fave_River"}}, {"Waterbody": {"type": "uri", "value": "http://dbpedia.org/resource/Favorite_Channel"}, "count": {"type": "typed-literal", "datatype": "http://www.w3.org/2001/XMLSchema#integer", "value": "1"}, "Example": {"type": "uri", "value": "http://dbpedia.org/resource/Eagle_River_(Favorite_Channel)"}}, {"Waterbody": {"type": "uri", "value": "http://dbpedia.org/resource/Crystal_Springs_Reservoir"}, "count": {"type": "typed-literal", "datatype": "http://www.w3.org/2001/XMLSchema#integer", "value": "1"}, "Example": {"type": "uri", "value": "http://dbpedia.org/resource/Laguna_Creek_(San_Mateo_County)"}}, {"Waterbody": {"type": "uri", "value": "http://dbpedia.org/resource/Arthur_Kill"}, "count": {"type": "typed-literal", "datatype": "http://www.w3.org/2001/XMLSchema#integer", "value": "1"}, "Example": {"type": "uri", "value": "http://dbpedia.org/resource/Elizabeth_River_(New_Jersey)"}}, {"Waterbody": {"type": "uri", "value": "http://dbpedia.org/resource/Flathead_Lake"}, "count": {"type": "typed-literal", "datatype": "http://www.w3.org/2001/XMLSchema#integer", "value": "1"}, "Example": {"type": "uri", "value": "http://dbpedia.org/resource/Swan_River_(Montana)"}}, {"Waterbody": {"type": "uri", "value": "http://dbpedia.org/resource/Muskegon_Lake"}, "count": {"type": "typed-literal", "datatype": "http://www.w3.org/2001/XMLSchema#integer", "value": "1"}, "Example": {"type": "uri", "value": "http://dbpedia.org/resource/Muskegon_River"}}, {"Waterbody": {"type": "uri", "value": "http://dbpedia.org/resource/Mount_Hope_Bay"}, "count": {"type": "typed-literal", "datatype": "http://www.w3.org/2001/XMLSchema#integer", "value": "1"}, "Example": {"type": "uri", "value": "http://dbpedia.org/resource/Taunton_River"}}, {"Waterbody": {"type": "uri", "value": "http://dbpedia.org/resource/Stege_Marsh"}, "count": {"type": "typed-literal", "datatype": "http://www.w3.org/2001/XMLSchema#integer", "value": "1"}, "Example": {"type": "uri", "value": "http://dbpedia.org/resource/Baxter_Creek"}}, {"Waterbody": {"type": "uri", "value": "http://dbpedia.org/resource/San_Felipe_Lake"}, "count": {"type": "typed-literal", "datatype": "http://www.w3.org/2001/XMLSchema#integer", "value": "1"}, "Example": {"type": "uri", "value": "http://dbpedia.org/resource/Pacheco_Creek_(San_Benito_County)"}}, {"Waterbody": {"type": "uri", "value": "http://dbpedia.org/resource/Maple_River_(Grand_River)"}, "count": {"type": "typed-literal", "datatype": "http://www.w3.org/2001/XMLSchema#integer", "value": "1"}, "Example": {"type": "uri", "value": "http://dbpedia.org/resource/Little_Maple_River"}}, {"Waterbody": {"type": "uri", "value": "http://dbpedia.org/resource/Mission_Bay_(San_Diego)"}, "count": {"type": "typed-literal", "datatype": "http://www.w3.org/2001/XMLSchema#integer", "value": "1"}, "Example": {"type": "uri", "value": "http://dbpedia.org/resource/San_Diego_River"}}, {"Waterbody": {"type": "uri", "value": "http://dbpedia.org/resource/Cannon_River_(Minnesota)"}, "count": {"type": "typed-literal", "datatype": "http://www.w3.org/2001/XMLSchema#integer", "value": "1"}, "Example": {"type": "uri", "value": "http://dbpedia.org/resource/Straight_River_(southern_Minnesota)"}}, {"Waterbody": {"type": "uri", "value": "http://dbpedia.org/resource/Alvord_Lake_(Oregon)"}, "count": {"type": "typed-literal", "datatype": "http://www.w3.org/2001/XMLSchema#integer", "value": "1"}, "Example": {"type": "uri", "value": "http://dbpedia.org/resource/Wildhorse_Creek_(Alvord_Lake)"}}, {"Waterbody": {"type": "uri", "value": "http://dbpedia.org/resource/Baltimore_Inner_Harbor"}, "count": {"type": "typed-literal", "datatype": "http://www.w3.org/2001/XMLSchema#integer", "value": "1"}, "Example": {"type": "uri", "value": "http://dbpedia.org/resource/Jones_Falls"}}, {"Waterbody": {"type": "uri", "value": "http://dbpedia.org/resource/Last_Chance_Creek_(Indian_Creek)"}, "count": {"type": "typed-literal", "datatype": "http://www.w3.org/2001/XMLSchema#integer", "value": "1"}, "Example": {"type": "uri", "value": "http://dbpedia.org/resource/Red_Clover_Creek"}}, {"Waterbody": {"type": "uri", "value": "http://dbpedia.org/resource/Pacheco_Creek_(Contra_Costa_County)"}, "count": {"type": "typed-literal", "datatype": "http://www.w3.org/2001/XMLSchema#integer", "value": "1"}, "Example": {"type": "uri", "value": "http://dbpedia.org/resource/Grayson_Creek"}}, {"Waterbody": {"type": "uri", "value": "http://dbpedia.org/resource/Shelley_Lake"}, "count": {"type": "typed-literal", "datatype": "http://www.w3.org/2001/XMLSchema#integer", "value": "1"}, "Example": {"type": "uri", "value": "http://dbpedia.org/resource/Saltese_Creek"}}, {"Waterbody": {"type": "uri", "value": "http://dbpedia.org/resource/Little_Calumet_River"}, "count": {"type": "typed-literal", "datatype": "http://www.w3.org/2001/XMLSchema#integer", "value": "1"}, "Example": {"type": "uri", "value": "http://dbpedia.org/resource/Deep_River_(Indiana)"}}, {"Waterbody": {"type": "uri", "value": "http://dbpedia.org/resource/Red_Lake_River"}, "count": {"type": "typed-literal", "datatype": "http://www.w3.org/2001/XMLSchema#integer", "value": "1"}, "Example": {"type": "uri", "value": "http://dbpedia.org/resource/Clearwater_River_(Red_Lake_River_tributary)"}}, {"Waterbody": {"type": "uri", "value": "http://dbpedia.org/resource/Conway,_New_Hampshire"}, "count": {"type": "typed-literal", "datatype": "http://www.w3.org/2001/XMLSchema#integer", "value": "1"}, "Example": {"type": "uri", "value": "http://dbpedia.org/resource/Swift_River_(Saco_River_tributary)"}}, {"Waterbody": {"type": "uri", "value": "http://dbpedia.org/resource/Selawik_Lake"}, "count": {"type": "typed-literal", "datatype": "http://www.w3.org/2001/XMLSchema#integer", "value": "1"}, "Example": {"type": "uri", "value": "http://dbpedia.org/resource/Selawik_River"}}, {"Waterbody": {"type": "uri", "value": "http://dbpedia.org/resource/Wilson_Lake_(Alabama)"}, "count": {"type": "typed-literal", "datatype": "http://www.w3.org/2001/XMLSchema#integer", "value": "1"}, "Example": {"type": "uri", "value": "http://dbpedia.org/resource/Shoal_Creek_(Tennessee_River_tributary)"}}, {"Waterbody": {"type": "uri", "value": "http://dbpedia.org/resource/Raritan_Bay"}, "count": {"type": "typed-literal", "datatype": "http://www.w3.org/2001/XMLSchema#integer", "value": "1"}, "Example": {"type": "uri", "value": "http://dbpedia.org/resource/Elizabeth_River_(New_Jersey)"}}, {"Waterbody": {"type": "uri", "value": "http://dbpedia.org/resource/Rio_Hondo_(New_Mexico)"}, "count": {"type": "typed-literal", "datatype": "http://www.w3.org/2001/XMLSchema#integer", "value": "1"}, "Example": {"type": "uri", "value": "http://dbpedia.org/resource/Rio_Ruidoso"}}, {"Waterbody": {"type": "uri", "value": "http://dbpedia.org/resource/San_Joaquin_Valley"}, "count": {"type": "typed-literal", "datatype": "http://www.w3.org/2001/XMLSchema#integer", "value": "1"}, "Example": {"type": "uri", "value": "http://dbpedia.org/resource/Kaweah_River"}}, {"Waterbody": {"type": "uri", "value": "http://dbpedia.org/resource/Torch_River"}, "count": {"type": "typed-literal", "datatype": "http://www.w3.org/2001/XMLSchema#integer", "value": "1"}, "Example": {"type": "uri", "value": "http://dbpedia.org/resource/Rapid_River_(Kalkaska_County,_Michigan)"}}, {"Waterbody": {"type": "uri", "value": "http://dbpedia.org/resource/Catlow_Valley"}, "count": {"type": "typed-literal", "datatype": "http://www.w3.org/2001/XMLSchema#integer", "value": "1"}, "Example": {"type": "uri", "value": "http://dbpedia.org/resource/Rock_Creek_(Catlow_Valley)"}}, {"Waterbody": {"type": "uri", "value": "http://dbpedia.org/resource/San_Diego_Bay"}, "count": {"type": "typed-literal", "datatype": "http://www.w3.org/2001/XMLSchema#integer", "value": "1"}, "Example": {"type": "uri", "value": "http://dbpedia.org/resource/Otay_River"}}, {"Waterbody": {"type": "uri", "value": "http://dbpedia.org/resource/Leaf_River_(Minnesota)"}, "count": {"type": "typed-literal", "datatype": "http://www.w3.org/2001/XMLSchema#integer", "value": "1"}, "Example": {"type": "uri", "value": "http://dbpedia.org/resource/Redeye_River"}}, {"Waterbody": {"type": "uri", "value": "http://dbpedia.org/resource/New_Haven_Harbor"}, "count": {"type": "typed-literal", "datatype": "http://www.w3.org/2001/XMLSchema#integer", "value": "1"}, "Example": {"type": "uri", "value": "http://dbpedia.org/resource/Quinnipiac_River"}}, {"Waterbody": {"type": "uri", "value": "http://dbpedia.org/resource/New_Haven,_Connecticut"}, "count": {"type": "typed-literal", "datatype": "http://www.w3.org/2001/XMLSchema#integer", "value": "1"}, "Example": {"type": "uri", "value": "http://dbpedia.org/resource/Quinnipiac_River"}}, {"Waterbody": {"type": "uri", "value": "http://dbpedia.org/resource/Gasconade_River"}, "count": {"type": "typed-literal", "datatype": "http://www.w3.org/2001/XMLSchema#integer", "value": "1"}, "Example": {"type": "uri", "value": "http://dbpedia.org/resource/Big_Piney_River"}}, {"Waterbody": {"type": "uri", "value": "http://dbpedia.org/resource/Neuse_River"}, "count": {"type": "typed-literal", "datatype": "http://www.w3.org/2001/XMLSchema#integer", "value": "1"}, "Example": {"type": "uri", "value": "http://dbpedia.org/resource/Eno_River"}}, {"Waterbody": {"type": "uri", "value": "http://dbpedia.org/resource/Similkameen_River"}, "count": {"type": "typed-literal", "datatype": "http://www.w3.org/2001/XMLSchema#integer", "value": "1"}, "Example": {"type": "uri", "value": "http://dbpedia.org/resource/Pasayten_River"}}, {"Waterbody": {"type": "uri", "value": "http://dbpedia.org/resource/Lake_Anna"}, "count": {"type": "typed-literal", "datatype": "http://www.w3.org/2001/XMLSchema#integer", "value": "1"}, "Example": {"type": "uri", "value": "http://dbpedia.org/resource/Contrary_Creek_(North_Anna_River)"}}, {"Waterbody": {"type": "uri", "value": "http://dbpedia.org/resource/Barton_River"}, "count": {"type": "typed-literal", "datatype": "http://www.w3.org/2001/XMLSchema#integer", "value": "1"}, "Example": {"type": "uri", "value": "http://dbpedia.org/resource/Willoughby_River"}}, {"Waterbody": {"type": "uri", "value": "http://dbpedia.org/resource/Taiya_Inlet"}, "count": {"type": "typed-literal", "datatype": "http://www.w3.org/2001/XMLSchema#integer", "value": "1"}, "Example": {"type": "uri", "value": "http://dbpedia.org/resource/Taiya_River"}}, {"Waterbody": {"type": "uri", "value": "http://dbpedia.org/resource/Lynn_Canal"}, "count": {"type": "typed-literal", "datatype": "http://www.w3.org/2001/XMLSchema#integer", "value": "1"}, "Example": {"type": "uri", "value": "http://dbpedia.org/resource/Endicott_River"}}, {"Waterbody": {"type": "uri", "value": "http://dbpedia.org/resource/Wartburg,_Tennessee"}, "count": {"type": "typed-literal", "datatype": "http://www.w3.org/2001/XMLSchema#integer", "value": "1"}, "Example": {"type": "uri", "value": "http://dbpedia.org/resource/Obed_River"}}, {"Waterbody": {"type": "uri", "value": "http://dbpedia.org/resource/Yazoo_River"}, "count": {"type": "typed-literal", "datatype": "http://www.w3.org/2001/XMLSchema#integer", "value": "1"}, "Example": {"type": "uri", "value": "http://dbpedia.org/resource/Deer_Creek_(Mississippi)"}}, {"Waterbody": {"type": "uri", "value": "http://dbpedia.org/resource/Hetch_Hetchy_Reservoir"}, "count": {"type": "typed-literal", "datatype": "http://www.w3.org/2001/XMLSchema#integer", "value": "1"}, "Example": {"type": "uri", "value": "http://dbpedia.org/resource/Falls_Creek_(California)"}}, {"Waterbody": {"type": "uri", "value": "http://dbpedia.org/resource/Sheboygan_River"}, "count": {"type": "typed-literal", "datatype": "http://www.w3.org/2001/XMLSchema#integer", "value": "1"}, "Example": {"type": "uri", "value": "http://dbpedia.org/resource/Mullet_River"}}, {"Waterbody": {"type": "uri", "value": "http://dbpedia.org/resource/Benton_Harbor,_Michigan"}, "count": {"type": "typed-literal", "datatype": "http://www.w3.org/2001/XMLSchema#integer", "value": "1"}, "Example": {"type": "uri", "value": "http://dbpedia.org/resource/Paw_Paw_River"}}, {"Waterbody": {"type": "uri", "value": "http://dbpedia.org/resource/Half_Moon_Bay"}, "count": {"type": "typed-literal", "datatype": "http://www.w3.org/2001/XMLSchema#integer", "value": "1"}, "Example": {"type": "uri", "value": "http://dbpedia.org/resource/Pilarcitos_Creek"}}, {"Waterbody": {"type": "uri", "value": "http://dbpedia.org/resource/Laguna_Niguel_Regional_Park"}, "count": {"type": "typed-literal", "datatype": "http://www.w3.org/2001/XMLSchema#integer", "value": "1"}, "Example": {"type": "uri", "value": "http://dbpedia.org/resource/Sulphur_Creek_(California)"}}, {"Waterbody": {"type": "uri", "value": "http://dbpedia.org/resource/Buzzards_Bay"}, "count": {"type": "typed-literal", "datatype": "http://www.w3.org/2001/XMLSchema#integer", "value": "1"}, "Example": {"type": "uri", "value": "http://dbpedia.org/resource/Slocums_River"}}, {"Waterbody": {"type": "uri", "value": "http://dbpedia.org/resource/Baker_Beach"}, "count": {"type": "typed-literal", "datatype": "http://www.w3.org/2001/XMLSchema#integer", "value": "1"}, "Example": {"type": "uri", "value": "http://dbpedia.org/resource/Lobos_Creek"}}, {"Waterbody": {"type": "uri", "value": "http://dbpedia.org/resource/Grays_Harbor"}, "count": {"type": "typed-literal", "datatype": "http://www.w3.org/2001/XMLSchema#integer", "value": "1"}, "Example": {"type": "uri", "value": "http://dbpedia.org/resource/Hoquiam_River"}}, {"Waterbody": {"type": "uri", "value": "http://dbpedia.org/resource/San_Leandro_Bay"}, "count": {"type": "typed-literal", "datatype": "http://www.w3.org/2001/XMLSchema#integer", "value": "1"}, "Example": {"type": "uri", "value": "http://dbpedia.org/resource/Arroyo_Viejo"}}, {"Waterbody": {"type": "uri", "value": "http://dbpedia.org/resource/West_Fork_Calcasieu_River"}, "count": {"type": "typed-literal", "datatype": "http://www.w3.org/2001/XMLSchema#integer", "value": "1"}, "Example": {"type": "uri", "value": "http://dbpedia.org/resource/Houston_River_(Louisiana)"}}, {"Waterbody": {"type": "uri", "value": "http://dbpedia.org/resource/Cache_Creek_(Sacramento_River)"}, "count": {"type": "typed-literal", "datatype": "http://www.w3.org/2001/XMLSchema#integer", "value": "1"}, "Example": {"type": "uri", "value": "http://dbpedia.org/resource/Bear_Creek_(Colusa_County)"}}, {"Waterbody": {"type": "uri", "value": "http://dbpedia.org/resource/Spring_River_(Missouri)"}, "count": {"type": "typed-literal", "datatype": "http://www.w3.org/2001/XMLSchema#integer", "value": "1"}, "Example": {"type": "uri", "value": "http://dbpedia.org/resource/Shoal_Creek_(Spring_River_tributary)"}}, {"Waterbody": {"type": "uri", "value": "http://dbpedia.org/resource/Shelikof_Strait"}, "count": {"type": "typed-literal", "datatype": "http://www.w3.org/2001/XMLSchema#integer", "value": "1"}, "Example": {"type": "uri", "value": "http://dbpedia.org/resource/Karluk_River"}}, {"Waterbody": {"type": "uri", "value": "http://dbpedia.org/resource/Egegik_Bay"}, "count": {"type": "typed-literal", "datatype": "http://www.w3.org/2001/XMLSchema#integer", "value": "1"}, "Example": {"type": "uri", "value": "http://dbpedia.org/resource/Egegik_River"}}, {"Waterbody": {"type": "uri", "value": "http://dbpedia.org/resource/Resurrection_Bay"}, "count": {"type": "typed-literal", "datatype": "http://www.w3.org/2001/XMLSchema#integer", "value": "1"}, "Example": {"type": "uri", "value": "http://dbpedia.org/resource/Resurrection_River"}}, {"Waterbody": {"type": "uri", "value": "http://dbpedia.org/resource/Lake_Isabella"}, "count": {"type": "typed-literal", "datatype": "http://www.w3.org/2001/XMLSchema#integer", "value": "1"}, "Example": {"type": "uri", "value": "http://dbpedia.org/resource/South_Fork_Kern_River"}}, {"Waterbody": {"type": "uri", "value": "http://dbpedia.org/resource/Roaring_River_(Clackamas_River)"}, "count": {"type": "typed-literal", "datatype": "http://www.w3.org/2001/XMLSchema#integer", "value": "1"}, "Example": {"type": "uri", "value": "http://dbpedia.org/resource/South_Fork_Roaring_River"}}, {"Waterbody": {"type": "uri", "value": "http://dbpedia.org/resource/James_River_(Virginia)"}, "count": {"type": "typed-literal", "datatype": "http://www.w3.org/2001/XMLSchema#integer", "value": "1"}, "Example": {"type": "uri", "value": "http://dbpedia.org/resource/Jackson_River_(Virginia)"}}, {"Waterbody": {"type": "uri", "value": "http://dbpedia.org/resource/Shawsheen_River"}, "count": {"type": "typed-literal", "datatype": "http://www.w3.org/2001/XMLSchema#integer", "value": "1"}, "Example": {"type": "uri", "value": "http://dbpedia.org/resource/Vine_Brook"}}, {"Waterbody": {"type": "uri", "value": "http://dbpedia.org/resource/Hingham_Bay"}, "count": {"type": "typed-literal", "datatype": "http://www.w3.org/2001/XMLSchema#integer", "value": "1"}, "Example": {"type": "uri", "value": "http://dbpedia.org/resource/Weymouth_Back_River"}}, {"Waterbody": {"type": "uri", "value": "http://dbpedia.org/resource/Laguna_Beach"}, "count": {"type": "typed-literal", "datatype": "http://www.w3.org/2001/XMLSchema#integer", "value": "1"}, "Example": {"type": "uri", "value": "http://dbpedia.org/resource/Laguna_Canyon"}}, {"Waterbody": {"type": "uri", "value": "http://dbpedia.org/resource/Warren_Township,_New_Jersey"}, "count": {"type": "typed-literal", "datatype": "http://www.w3.org/2001/XMLSchema#integer", "value": "1"}, "Example": {"type": "uri", "value": "http://dbpedia.org/resource/Dead_River_(New_Jersey)"}}, {"Waterbody": {"type": "uri", "value": "http://dbpedia.org/resource/Snipatuit_Pond"}, "count": {"type": "typed-literal", "datatype": "http://www.w3.org/2001/XMLSchema#integer", "value": "1"}, "Example": {"type": "uri", "value": "http://dbpedia.org/resource/Mattapoisett_River"}}, {"Waterbody": {"type": "uri", "value": "http://dbpedia.org/resource/Anderson_Lake_(California)"}, "count": {"type": "typed-literal", "datatype": "http://www.w3.org/2001/XMLSchema#integer", "value": "1"}, "Example": {"type": "uri", "value": "http://dbpedia.org/resource/San_Felipe_Creek_(Santa_Clara_County,_California)"}}, {"Waterbody": {"type": "uri", "value": "http://dbpedia.org/resource/Little_River_(Coast_Fork_Willamette_River)"}, "count": {"type": "typed-literal", "datatype": "http://www.w3.org/2001/XMLSchema#integer", "value": "1"}, "Example": {"type": "uri", "value": "http://dbpedia.org/resource/Garoutte_Creek"}}, {"Waterbody": {"type": "uri", "value": "http://dbpedia.org/resource/Pamlico_Sound"}, "count": {"type": "typed-literal", "datatype": "http://www.w3.org/2001/XMLSchema#integer", "value": "1"}, "Example": {"type": "uri", "value": "http://dbpedia.org/resource/Tar_River"}}, {"Waterbody": {"type": "uri", "value": "http://dbpedia.org/resource/Lake_Travis"}, "count": {"type": "typed-literal", "datatype": "http://www.w3.org/2001/XMLSchema#integer", "value": "1"}, "Example": {"type": "uri", "value": "http://dbpedia.org/resource/Pedernales_River"}}, {"Waterbody": {"type": "uri", "value": "http://dbpedia.org/resource/Richardson_Bay"}, "count": {"type": "typed-literal", "datatype": "http://www.w3.org/2001/XMLSchema#integer", "value": "1"}, "Example": {"type": "uri", "value": "http://dbpedia.org/resource/Arroyo_Corte_Madera_del_Presidio"}}, {"Waterbody": {"type": "uri", "value": "http://dbpedia.org/resource/Tujunga_Wash"}, "count": {"type": "typed-literal", "datatype": "http://www.w3.org/2001/XMLSchema#integer", "value": "1"}, "Example": {"type": "uri", "value": "http://dbpedia.org/resource/Big_Tujunga_Creek"}}, {"Waterbody": {"type": "uri", "value": "http://dbpedia.org/resource/U.S._Route_101_in_California"}, "count": {"type": "typed-literal", "datatype": "http://www.w3.org/2001/XMLSchema#integer", "value": "1"}, "Example": {"type": "uri", "value": "http://dbpedia.org/resource/Barron_Creek"}}, {"Waterbody": {"type": "uri", "value": "http://dbpedia.org/resource/Lake_River_(Washington)"}, "count": {"type": "typed-literal", "datatype": "http://www.w3.org/2001/XMLSchema#integer", "value": "1"}, "Example": {"type": "uri", "value": "http://dbpedia.org/resource/Salmon_Creek_(Clark_County,_Washington)"}}, {"Waterbody": {"type": "uri", "value": "http://dbpedia.org/resource/West_River_(Vermont)"}, "count": {"type": "typed-literal", "datatype": "http://www.w3.org/2001/XMLSchema#integer", "value": "1"}, "Example": {"type": "uri", "value": "http://dbpedia.org/resource/Winhall_River"}}, {"Waterbody": {"type": "uri", "value": "http://dbpedia.org/resource/Delta-Mendota_Canal"}, "count": {"type": "typed-literal", "datatype": "http://www.w3.org/2001/XMLSchema#integer", "value": "1"}, "Example": {"type": "uri", "value": "http://dbpedia.org/resource/Corral_Hollow_Creek"}}, {"Waterbody": {"type": "uri", "value": "http://dbpedia.org/resource/Little_Rock_Reservoir"}, "count": {"type": "typed-literal", "datatype": "http://www.w3.org/2001/XMLSchema#integer", "value": "1"}, "Example": {"type": "uri", "value": "http://dbpedia.org/resource/Little_Rock_Creek_(Los_Angeles_County,_California)"}}, {"Waterbody": {"type": "uri", "value": "http://dbpedia.org/resource/Rio_Pescado_(Zuni_River)"}, "count": {"type": "typed-literal", "datatype": "http://www.w3.org/2001/XMLSchema#integer", "value": "1"}, "Example": {"type": "uri", "value": "http://dbpedia.org/resource/Rio_Nutria_(Zuni_River_tributary)"}}, {"Waterbody": {"type": "uri", "value": "http://dbpedia.org/resource/Kenai_Lake"}, "count": {"type": "typed-literal", "datatype": "http://www.w3.org/2001/XMLSchema#integer", "value": "1"}, "Example": {"type": "uri", "value": "http://dbpedia.org/resource/Snow_River"}}, {"Waterbody": {"type": "uri", "value": "http://dbpedia.org/resource/Little_Sandy_Creek_(Wyoming)"}, "count": {"type": "typed-literal", "datatype": "http://www.w3.org/2001/XMLSchema#integer", "value": "1"}, "Example": {"type": "uri", "value": "http://dbpedia.org/resource/Pacific_Creek_(Sweetwater_County,_Wyoming)"}}, {"Waterbody": {"type": "uri", "value": "http://dbpedia.org/resource/Soda_Lake_(San_Bernardino_County)"}, "count": {"type": "typed-literal", "datatype": "http://www.w3.org/2001/XMLSchema#integer", "value": "1"}, "Example": {"type": "uri", "value": "http://dbpedia.org/resource/Mojave_River"}}, {"Waterbody": {"type": "uri", "value": "http://dbpedia.org/resource/Lake_Sammamish"}, "count": {"type": "typed-literal", "datatype": "http://www.w3.org/2001/XMLSchema#integer", "value": "1"}, "Example": {"type": "uri", "value": "http://dbpedia.org/resource/Issaquah_Creek"}}, {"Waterbody": {"type": "uri", "value": "http://dbpedia.org/resource/Trabuco_Creek"}, "count": {"type": "typed-literal", "datatype": "http://www.w3.org/2001/XMLSchema#integer", "value": "1"}, "Example": {"type": "uri", "value": "http://dbpedia.org/resource/Oso_Creek"}}, {"Waterbody": {"type": "uri", "value": "http://dbpedia.org/resource/Brandywine_Creek_(Christina_River)"}, "count": {"type": "typed-literal", "datatype": "http://www.w3.org/2001/XMLSchema#integer", "value": "1"}, "Example": {"type": "uri", "value": "http://dbpedia.org/resource/East_Branch_Brandywine_Creek"}}, {"Waterbody": {"type": "uri", "value": "http://dbpedia.org/resource/Calaveras_Creek"}, "count": {"type": "typed-literal", "datatype": "http://www.w3.org/2001/XMLSchema#integer", "value": "1"}, "Example": {"type": "uri", "value": "http://dbpedia.org/resource/Arroyo_Hondo_(Santa_Clara_County,_California)"}}, {"Waterbody": {"type": "uri", "value": "http://dbpedia.org/resource/Sutton_Lake_(West_Virginia)"}, "count": {"type": "typed-literal", "datatype": "http://www.w3.org/2001/XMLSchema#integer", "value": "1"}, "Example": {"type": "uri", "value": "http://dbpedia.org/resource/Holly_River"}}, {"Waterbody": {"type": "uri", "value": "http://dbpedia.org/resource/Coyote_Creek_(San_Gabriel_River)"}, "count": {"type": "typed-literal", "datatype": "http://www.w3.org/2001/XMLSchema#integer", "value": "1"}, "Example": {"type": "uri", "value": "http://dbpedia.org/resource/Brea_Creek"}}, {"Waterbody": {"type": "uri", "value": "http://dbpedia.org/resource/Bolinas_Lagoon"}, "count": {"type": "typed-literal", "datatype": "http://www.w3.org/2001/XMLSchema#integer", "value": "1"}, "Example": {"type": "uri", "value": "http://dbpedia.org/resource/Pine_Gulch_Creek"}}, {"Waterbody": {"type": "uri", "value": "http://dbpedia.org/resource/Parkfield,_California"}, "count": {"type": "typed-literal", "datatype": "http://www.w3.org/2001/XMLSchema#integer", "value": "1"}, "Example": {"type": "uri", "value": "http://dbpedia.org/resource/Little_Cholame_Creek"}}, {"Waterbody": {"type": "uri", "value": "http://dbpedia.org/resource/Bellingham_Bay"}, "count": {"type": "typed-literal", "datatype": "http://www.w3.org/2001/XMLSchema#integer", "value": "1"}, "Example": {"type": "uri", "value": "http://dbpedia.org/resource/Nooksack_River"}}, {"Waterbody": {"type": "uri", "value": "http://dbpedia.org/resource/Honey_Lake"}, "count": {"type": "typed-literal", "datatype": "http://www.w3.org/2001/XMLSchema#integer", "value": "1"}, "Example": {"type": "uri", "value": "http://dbpedia.org/resource/Susan_River_(California)"}}, {"Waterbody": {"type": "uri", "value": "http://dbpedia.org/resource/Curtis_Bay,_Maryland_(body_of_water)"}, "count": {"type": "typed-literal", "datatype": "http://www.w3.org/2001/XMLSchema#integer", "value": "1"}, "Example": {"type": "uri", "value": "http://dbpedia.org/resource/Curtis_Creek"}}, {"Waterbody": {"type": "uri", "value": "http://dbpedia.org/resource/Lake_Borgne"}, "count": {"type": "typed-literal", "datatype": "http://www.w3.org/2001/XMLSchema#integer", "value": "1"}, "Example": {"type": "uri", "value": "http://dbpedia.org/resource/Rigolets"}}, {"Waterbody": {"type": "uri", "value": "http://dbpedia.org/resource/Utah_Lake"}, "count": {"type": "typed-literal", "datatype": "http://www.w3.org/2001/XMLSchema#integer", "value": "1"}, "Example": {"type": "uri", "value": "http://dbpedia.org/resource/Spanish_Fork_River"}}, {"Waterbody": {"type": "uri", "value": "http://dbpedia.org/resource/Great_Bay_(New_Hampshire)"}, "count": {"type": "typed-literal", "datatype": "http://www.w3.org/2001/XMLSchema#integer", "value": "1"}, "Example": {"type": "uri", "value": "http://dbpedia.org/resource/Lamprey_River"}}, {"Waterbody": {"type": "uri", "value": "http://dbpedia.org/resource/Muddy_River_(Nevada)"}, "count": {"type": "typed-literal", "datatype": "http://www.w3.org/2001/XMLSchema#integer", "value": "1"}, "Example": {"type": "uri", "value": "http://dbpedia.org/resource/White_River_(Nevada)"}}, {"Waterbody": {"type": "uri", "value": "http://dbpedia.org/resource/Prickly_Pear_Creek"}, "count": {"type": "typed-literal", "datatype": "http://www.w3.org/2001/XMLSchema#integer", "value": "1"}, "Example": {"type": "uri", "value": "http://dbpedia.org/resource/Tenmile_Creek_(Lewis_and_Clark_County,_Montana)"}}, {"Waterbody": {"type": "uri", "value": "http://dbpedia.org/resource/French_Creek_(Allegheny_River)"}, "count": {"type": "typed-literal", "datatype": "http://www.w3.org/2001/XMLSchema#integer", "value": "1"}, "Example": {"type": "uri", "value": "http://dbpedia.org/resource/LeBoeuf_Creek_(Pennsylvania)"}}, {"Waterbody": {"type": "uri", "value": "http://dbpedia.org/resource/California"}, "count": {"type": "typed-literal", "datatype": "http://www.w3.org/2001/XMLSchema#integer", "value": "1"}, "Example": {"type": "uri", "value": "http://dbpedia.org/resource/Little_Cholame_Creek"}}, {"Waterbody": {"type": "uri", "value": "http://dbpedia.org/resource/Togiak_Bay"}, "count": {"type": "typed-literal", "datatype": "http://www.w3.org/2001/XMLSchema#integer", "value": "1"}, "Example": {"type": "uri", "value": "http://dbpedia.org/resource/Togiak_River"}}, {"Waterbody": {"type": "uri", "value": "http://dbpedia.org/resource/Hazen_Bay"}, "count": {"type": "typed-literal", "datatype": "http://www.w3.org/2001/XMLSchema#integer", "value": "1"}, "Example": {"type": "uri", "value": "http://dbpedia.org/resource/Ningaluk_River"}}, {"Waterbody": {"type": "uri", "value": "http://dbpedia.org/resource/Eschscholtz_Bay"}, "count": {"type": "typed-literal", "datatype": "http://www.w3.org/2001/XMLSchema#integer", "value": "1"}, "Example": {"type": "uri", "value": "http://dbpedia.org/resource/Buckland_River"}}, {"Waterbody": {"type": "uri", "value": "http://dbpedia.org/resource/Tolovana_River"}, "count": {"type": "typed-literal", "datatype": "http://www.w3.org/2001/XMLSchema#integer", "value": "1"}, "Example": {"type": "uri", "value": "http://dbpedia.org/resource/Chatanika_River"}}, {"Waterbody": {"type": "uri", "value": "http://dbpedia.org/resource/Copano_Bay"}, "count": {"type": "typed-literal", "datatype": "http://www.w3.org/2001/XMLSchema#integer", "value": "1"}, "Example": {"type": "uri", "value": "http://dbpedia.org/resource/Mission_River"}}, {"Waterbody": {"type": "uri", "value": "http://dbpedia.org/resource/Travis_County,_Texas"}, "count": {"type": "typed-literal", "datatype": "http://www.w3.org/2001/XMLSchema#integer", "value": "1"}, "Example": {"type": "uri", "value": "http://dbpedia.org/resource/Pedernales_River"}}, {"Waterbody": {"type": "uri", "value": "http://dbpedia.org/resource/Agency_Creek_(South_Yamhill_River)"}, "count": {"type": "typed-literal", "datatype": "http://www.w3.org/2001/XMLSchema#integer", "value": "1"}, "Example": {"type": "uri", "value": "http://dbpedia.org/resource/Wind_River_(Oregon)"}}, {"Waterbody": {"type": "uri", "value": "http://dbpedia.org/resource/Richardson's_Bay"}, "count": {"type": "typed-literal", "datatype": "http://www.w3.org/2001/XMLSchema#integer", "value": "1"}, "Example": {"type": "uri", "value": "http://dbpedia.org/resource/Coyote_Creek_(Marin_County)"}}, {"Waterbody": {"type": "uri", "value": "http://dbpedia.org/resource/Tampa_Bay"}, "count": {"type": "typed-literal", "datatype": "http://www.w3.org/2001/XMLSchema#integer", "value": "1"}, "Example": {"type": "uri", "value": "http://dbpedia.org/resource/Hillsborough_River_(Florida)"}}, {"Waterbody": {"type": "uri", "value": "http://dbpedia.org/resource/San_Rafael_Bay"}, "count": {"type": "typed-literal", "datatype": "http://www.w3.org/2001/XMLSchema#integer", "value": "1"}, "Example": {"type": "uri", "value": "http://dbpedia.org/resource/San_Rafael_Creek"}}, {"Waterbody": {"type": "uri", "value": "http://dbpedia.org/resource/Santa_Barbara_Channel"}, "count": {"type": "typed-literal", "datatype": "http://www.w3.org/2001/XMLSchema#integer", "value": "1"}, "Example": {"type": "uri", "value": "http://dbpedia.org/resource/Carpinteria_Creek"}}, {"Waterbody": {"type": "uri", "value": "http://dbpedia.org/resource/Los_Banos_Creek"}, "count": {"type": "typed-literal", "datatype": "http://www.w3.org/2001/XMLSchema#integer", "value": "1"}, "Example": {"type": "uri", "value": "http://dbpedia.org/resource/Garzas_Creek"}}, {"Waterbody": {"type": "uri", "value": "http://dbpedia.org/resource/Brisbane_Lagoon"}, "count": {"type": "typed-literal", "datatype": "http://www.w3.org/2001/XMLSchema#integer", "value": "1"}, "Example": {"type": "uri", "value": "http://dbpedia.org/resource/Guadalupe_Valley_Creek"}}, {"Waterbody": {"type": "uri", "value": "http://dbpedia.org/resource/Kamishak_Bay"}, "count": {"type": "typed-literal", "datatype": "http://www.w3.org/2001/XMLSchema#integer", "value": "1"}, "Example": {"type": "uri", "value": "http://dbpedia.org/resource/McNeil_River"}}, {"Waterbody": {"type": "uri", "value": "http://dbpedia.org/resource/Hotham_Inlet"}, "count": {"type": "typed-literal", "datatype": "http://www.w3.org/2001/XMLSchema#integer", "value": "1"}, "Example": {"type": "uri", "value": "http://dbpedia.org/resource/Noatak_River"}}, {"Waterbody": {"type": "uri", "value": "http://dbpedia.org/resource/Gulf_of_Alaska"}, "count": {"type": "typed-literal", "datatype": "http://www.w3.org/2001/XMLSchema#integer", "value": "1"}, "Example": {"type": "uri", "value": "http://dbpedia.org/resource/Seal_River_(Bering_Glacier)"}}, {"Waterbody": {"type": "uri", "value": "http://dbpedia.org/resource/Little_Rock,_Arkansas"}, "count": {"type": "typed-literal", "datatype": "http://www.w3.org/2001/XMLSchema#integer", "value": "1"}, "Example": {"type": "uri", "value": "http://dbpedia.org/resource/Fourche_Creek_(Arkansas)"}}, {"Waterbody": {"type": "uri", "value": "http://dbpedia.org/resource/Bridgeport_Harbor_Light"}, "count": {"type": "typed-literal", "datatype": "http://www.w3.org/2001/XMLSchema#integer", "value": "1"}, "Example": {"type": "uri", "value": "http://dbpedia.org/resource/Pequonnock_River"}}, {"Waterbody": {"type": "uri", "value": "http://dbpedia.org/resource/Confluence"}, "count": {"type": "typed-literal", "datatype": "http://www.w3.org/2001/XMLSchema#integer", "value": "1"}, "Example": {"type": "uri", "value": "http://dbpedia.org/resource/Dry_Fork_(Cheat_River_tributary)"}}, {"Waterbody": {"type": "uri", "value": "http://dbpedia.org/resource/Chagrin_Harbor"}, "count": {"type": "typed-literal", "datatype": "http://www.w3.org/2001/XMLSchema#integer", "value": "1"}, "Example": {"type": "uri", "value": "http://dbpedia.org/resource/Chagrin_River"}}, {"Waterbody": {"type": "uri", "value": "http://dbpedia.org/resource/Lake_Okeechobee"}, "count": {"type": "typed-literal", "datatype": "http://www.w3.org/2001/XMLSchema#integer", "value": "1"}, "Example": {"type": "uri", "value": "http://dbpedia.org/resource/Kissimmee_River"}}, {"Waterbody": {"type": "uri", "value": "http://dbpedia.org/resource/Morgan_City,_Louisiana"}, "count": {"type": "typed-literal", "datatype": "http://www.w3.org/2001/XMLSchema#integer", "value": "1"}, "Example": {"type": "uri", "value": "http://dbpedia.org/resource/Atchafalaya_River"}}, {"Waterbody": {"type": "uri", "value": "http://dbpedia.org/resource/Seneca,_South_Carolina"}, "count": {"type": "typed-literal", "datatype": "http://www.w3.org/2001/XMLSchema#integer", "value": "1"}, "Example": {"type": "uri", "value": "http://dbpedia.org/resource/Little_River_(Oconee_County,_South_Carolina)"}}, {"Waterbody": {"type": "uri", "value": "http://dbpedia.org/resource/Caney_Fork"}, "count": {"type": "typed-literal", "datatype": "http://www.w3.org/2001/XMLSchema#integer", "value": "1"}, "Example": {"type": "uri", "value": "http://dbpedia.org/resource/Falling_Water_River"}}, {"Waterbody": {"type": "uri", "value": "http://dbpedia.org/resource/Catawba_River"}, "count": {"type": "typed-literal", "datatype": "http://www.w3.org/2001/XMLSchema#integer", "value": "1"}, "Example": {"type": "uri", "value": "http://dbpedia.org/resource/Linville_River"}}, {"Waterbody": {"type": "uri", "value": "http://dbpedia.org/resource/Lake_Powell"}, "count": {"type": "typed-literal", "datatype": "http://www.w3.org/2001/XMLSchema#integer", "value": "1"}, "Example": {"type": "uri", "value": "http://dbpedia.org/resource/Wahweap_Creek"}}, {"Waterbody": {"type": "uri", "value": "http://dbpedia.org/resource/South_Fork_Payette_River"}, "count": {"type": "typed-literal", "datatype": "http://www.w3.org/2001/XMLSchema#integer", "value": "1"}, "Example": {"type": "uri", "value": "http://dbpedia.org/resource/Deadwood_River_(Idaho)"}}, {"Waterbody": {"type": "uri", "value": "http://dbpedia.org/resource/Chelsea_Wetlands"}, "count": {"type": "typed-literal", "datatype": "http://www.w3.org/2001/XMLSchema#integer", "value": "1"}, "Example": {"type": "uri", "value": "http://dbpedia.org/resource/Pinole_Creek"}}, {"Waterbody": {"type": "uri", "value": "http://dbpedia.org/resource/Tippy_Dam_Pond"}, "count": {"type": "typed-literal", "datatype": "http://www.w3.org/2001/XMLSchema#integer", "value": "1"}, "Example": {"type": "uri", "value": "http://dbpedia.org/resource/Pine_River_(Manistee_River)"}}, {"Waterbody": {"type": "uri", "value": "http://dbpedia.org/resource/Sausal_Creek_(San_Mateo_County)"}, "count": {"type": "typed-literal", "datatype": "http://www.w3.org/2001/XMLSchema#integer", "value": "1"}, "Example": {"type": "uri", "value": "http://dbpedia.org/resource/Alambique_Creek"}}, {"Waterbody": {"type": "uri", "value": "http://dbpedia.org/resource/Clear_Fork_(Guyandotte_River)"}, "count": {"type": "typed-literal", "datatype": "http://www.w3.org/2001/XMLSchema#integer", "value": "1"}, "Example": {"type": "uri", "value": "http://dbpedia.org/resource/Laurel_Fork_(Clear_Fork_Guyandotte_River_tributary)"}}, {"Waterbody": {"type": "uri", "value": "http://dbpedia.org/resource/McArthur_River_(Alaska)"}, "count": {"type": "typed-literal", "datatype": "http://www.w3.org/2001/XMLSchema#integer", "value": "1"}, "Example": {"type": "uri", "value": "http://dbpedia.org/resource/Chakachatna_River"}}, {"Waterbody": {"type": "uri", "value": "http://dbpedia.org/resource/Spafarief_Bay"}, "count": {"type": "typed-literal", "datatype": "http://www.w3.org/2001/XMLSchema#integer", "value": "1"}, "Example": {"type": "uri", "value": "http://dbpedia.org/resource/Kiwalik_River"}}, {"Waterbody": {"type": "uri", "value": "http://dbpedia.org/resource/Salmon_Lake_(Alaska)"}, "count": {"type": "typed-literal", "datatype": "http://www.w3.org/2001/XMLSchema#integer", "value": "1"}, "Example": {"type": "uri", "value": "http://dbpedia.org/resource/Grand_Central_River"}}, {"Waterbody": {"type": "uri", "value": "http://dbpedia.org/resource/Lake_Ewauna"}, "count": {"type": "typed-literal", "datatype": "http://www.w3.org/2001/XMLSchema#integer", "value": "1"}, "Example": {"type": "uri", "value": "http://dbpedia.org/resource/Link_River"}}, {"Waterbody": {"type": "uri", "value": "http://dbpedia.org/resource/Emigrant_Creek"}, "count": {"type": "typed-literal", "datatype": "http://www.w3.org/2001/XMLSchema#integer", "value": "1"}, "Example": {"type": "uri", "value": "http://dbpedia.org/resource/Dry_Well_Creek"}}, {"Waterbody": {"type": "uri", "value": "http://dbpedia.org/resource/Rock_River_(Mississippi_River)"}, "count": {"type": "typed-literal", "datatype": "http://www.w3.org/2001/XMLSchema#integer", "value": "1"}, "Example": {"type": "uri", "value": "http://dbpedia.org/resource/Yahara_River"}}, {"Waterbody": {"type": "uri", "value": "http://dbpedia.org/resource/Presque_Isle_Bay"}, "count": {"type": "typed-literal", "datatype": "http://www.w3.org/2001/XMLSchema#integer", "value": "1"}, "Example": {"type": "uri", "value": "http://dbpedia.org/resource/Mill_Creek_(Lake_Erie)"}}, {"Waterbody": {"type": "uri", "value": "http://dbpedia.org/resource/Elk_River_(Minnesota)"}, "count": {"type": "typed-literal", "datatype": "http://www.w3.org/2001/XMLSchema#integer", "value": "1"}, "Example": {"type": "uri", "value": "http://dbpedia.org/resource/St._Francis_River_(Minnesota)"}}, {"Waterbody": {"type": "uri", "value": "http://dbpedia.org/resource/Calaveras_Reservoir"}, "count": {"type": "typed-literal", "datatype": "http://www.w3.org/2001/XMLSchema#integer", "value": "1"}, "Example": {"type": "uri", "value": "http://dbpedia.org/resource/Arroyo_Hondo_(Santa_Clara_County,_California)"}}, {"Waterbody": {"type": "uri", "value": "http://dbpedia.org/resource/Rock_River_(Illinois)"}, "count": {"type": "typed-literal", "datatype": "http://www.w3.org/2001/XMLSchema#integer", "value": "1"}, "Example": {"type": "uri", "value": "http://dbpedia.org/resource/Stillman_Creek_(Illinois)"}}, {"Waterbody": {"type": "uri", "value": "http://dbpedia.org/resource/Indiana_Harbor_and_Ship_Canal"}, "count": {"type": "typed-literal", "datatype": "http://www.w3.org/2001/XMLSchema#integer", "value": "1"}, "Example": {"type": "uri", "value": "http://dbpedia.org/resource/Grand_Calumet_River"}}, {"Waterbody": {"type": "uri", "value": "http://dbpedia.org/resource/Knox_County,_Tennessee"}, "count": {"type": "typed-literal", "datatype": "http://www.w3.org/2001/XMLSchema#integer", "value": "1"}, "Example": {"type": "uri", "value": "http://dbpedia.org/resource/Little_River_(Tennessee)"}}, {"Waterbody": {"type": "uri", "value": "http://dbpedia.org/resource/Santa_Monica_Bay"}, "count": {"type": "typed-literal", "datatype": "http://www.w3.org/2001/XMLSchema#integer", "value": "1"}, "Example": {"type": "uri", "value": "http://dbpedia.org/resource/Malibu_Creek"}}, {"Waterbody": {"type": "uri", "value": "http://dbpedia.org/resource/Mattabesset_River"}, "count": {"type": "typed-literal", "datatype": "http://www.w3.org/2001/XMLSchema#integer", "value": "1"}, "Example": {"type": "uri", "value": "http://dbpedia.org/resource/Coginchaug_River"}}, {"Waterbody": {"type": "uri", "value": "http://dbpedia.org/resource/Adobe_Creek_(near_Los_Altos,_California)"}, "count": {"type": "typed-literal", "datatype": "http://www.w3.org/2001/XMLSchema#integer", "value": "1"}, "Example": {"type": "uri", "value": "http://dbpedia.org/resource/Purisima_Creek_(Santa_Clara_County)"}}, {"Waterbody": {"type": "uri", "value": "http://dbpedia.org/resource/Cobscook_Bay"}, "count": {"type": "typed-literal", "datatype": "http://www.w3.org/2001/XMLSchema#integer", "value": "1"}, "Example": {"type": "uri", "value": "http://dbpedia.org/resource/Pennamaquan_River"}}, {"Waterbody": {"type": "uri", "value": "http://dbpedia.org/resource/Las_Animas_Creek"}, "count": {"type": "typed-literal", "datatype": "http://www.w3.org/2001/XMLSchema#integer", "value": "1"}, "Example": {"type": "uri", "value": "http://dbpedia.org/resource/San_Felipe_Creek_(Santa_Clara_County,_California)"}}, {"Waterbody": {"type": "uri", "value": "http://dbpedia.org/resource/St._Croix_River_(Wisconsin-Minnesota)"}, "count": {"type": "typed-literal", "datatype": "http://www.w3.org/2001/XMLSchema#integer", "value": "1"}, "Example": {"type": "uri", "value": "http://dbpedia.org/resource/Clam_River_(Wisconsin)"}}, {"Waterbody": {"type": "uri", "value": "http://dbpedia.org/resource/Elkhorn_Slough"}, "count": {"type": "typed-literal", "datatype": "http://www.w3.org/2001/XMLSchema#integer", "value": "1"}, "Example": {"type": "uri", "value": "http://dbpedia.org/resource/Carneros_Creek_(Monterey_County,_California)"}}, {"Waterbody": {"type": "uri", "value": "http://dbpedia.org/resource/Salsipuedes_Creek_(Pajaro_River)"}, "count": {"type": "typed-literal", "datatype": "http://www.w3.org/2001/XMLSchema#integer", "value": "1"}, "Example": {"type": "uri", "value": "http://dbpedia.org/resource/Corralitos_Creek"}}, {"Waterbody": {"type": "uri", "value": "http://dbpedia.org/resource/East_Twin_Creek"}, "count": {"type": "typed-literal", "datatype": "http://www.w3.org/2001/XMLSchema#integer", "value": "1"}, "Example": {"type": "uri", "value": "http://dbpedia.org/resource/Strawberry_Creek_(San_Bernardino_County,_California)"}}]}}