{"head": {"link": [], "vars": ["Person"]}, "results": {"distinct": false, "ordered": true, "bindings": [{"Person": {"type": "uri", "value": "http://dbpedia.org/resource/GUMMANI_RANGA_SWAMI"}}, {"Person": {"type": "uri", "value": "http://dbpedia.org/resource/Daniel_Wayne_Smith"}}, {"Person": {"type": "uri", "value": "http://dbpedia.org/resource/John_Greenwood_(MP)"}}, {"Person": {"type": "uri", "value": "http://dbpedia.org/resource/Samuel_W._Johnson"}}, {"Person": {"type": "uri", "value": "http://dbpedia.org/resource/Josephine_Lucchese"}}, {"Person": {"type": "uri", "value": "http://dbpedia.org/resource/Sam_Lucchese"}}, {"Person": {"type": "uri", "value": "http://dbpedia.org/resource/Einstein_family"}}, {"Person": {"type": "uri", "value": "http://dbpedia.org/resource/Tam\u00e1s_N\u00e1dasdy"}}, {"Person": {"type": "uri", "value": "http://dbpedia.org/resource/George_Le_Couteur"}}, {"Person": {"type": "uri", "value": "http://dbpedia.org/resource/Philip_Le_Couteur"}}, {"Person": {"type": "uri", "value": "http://dbpedia.org/resource/Henry_White_(diplomat)"}}, {"Person": {"type": "uri", "value": "http://dbpedia.org/resource/James_Johnson_(railway_engineer)"}}, {"Person": {"type": "uri", "value": "http://dbpedia.org/resource/Ferenc_N\u00e1dasdy"}}, {"Person": {"type": "uri", "value": "http://dbpedia.org/resource/Patrick_Stirling"}}, {"Person": {"type": "uri", "value": "http://dbpedia.org/resource/Robert_Stirling"}}, {"Person": {"type": "uri", "value": "http://dbpedia.org/resource/Giannis_Vardinogiannis"}}, {"Person": {"type": "uri", "value": "http://dbpedia.org/resource/Vardis_Vardinogiannis"}}, {"Person": {"type": "uri", "value": "http://dbpedia.org/resource/David_Birkin"}}, {"Person": {"type": "uri", "value": "http://dbpedia.org/resource/Andrew_Birkin"}}, {"Person": {"type": "uri", "value": "http://dbpedia.org/resource/Jack_Nicholas_Pritzker"}}, {"Person": {"type": "uri", "value": "http://dbpedia.org/resource/John_Griffith-Jones"}}, {"Person": {"type": "uri", "value": "http://dbpedia.org/resource/Mervyn_Griffith-Jones"}}, {"Person": {"type": "uri", "value": "http://dbpedia.org/resource/Poomaikelani"}}, {"Person": {"type": "uri", "value": "http://dbpedia.org/resource/Nicholas_J._Pritzker"}}, {"Person": {"type": "uri", "value": "http://dbpedia.org/resource/John_Campbell_White_(diplomat)"}}, {"Person": {"type": "uri", "value": "http://dbpedia.org/resource/K\u016bhi\u014d_Kalaniana\u02bbole"}}, {"Person": {"type": "uri", "value": "http://dbpedia.org/resource/Frederick_Greenwood_(magistrate)"}}]}}