{"http://dbpedia.org/resource/Christopher_Stone_(actor)": {"http://dbpedia.org/ontology/child": [{"type": "uri", "value": "http://dbpedia.org/resource/Gabrielle_Stone"}]}, "http://dbpedia.org/resource/Marthanda_Varma": {"http://dbpedia.org/ontology/parent": [{"type": "uri", "value": "http://dbpedia.org/resource/Kilimanur_Palace"}]}, "http://dbpedia.org/resource/Tatiana_Santo_Domingo": {"http://dbpedia.org/ontology/child": [{"type": "uri", "value": "http://dbpedia.org/resource/India_Casiraghi"}]}, "http://dbpedia.org/resource/Isabella_of_Navarre,_Countess_of_Armagnac": {"http://dbpedia.org/ontology/child": [{"type": "uri", "value": "http://dbpedia.org/resource/Charles_I,_Count_of_Armagnac"}]}, "http://dbpedia.org/resource/Roman_Vishniac": {"http://dbpedia.org/ontology/child": [{"type": "uri", "value": "http://dbpedia.org/resource/Wolf_V._Vishniac"}]}, "http://dbpedia.org/resource/Anna_De_Souza": {"http://dbpedia.org/ontology/parent": [{"type": "uri", "value": "http://dbpedia.org/resource/Donald_De_Souza"}]}, "http://dbpedia.org/resource/Miles_De_Souza": {"http://dbpedia.org/ontology/parent": [{"type": "uri", "value": "http://dbpedia.org/resource/Donald_De_Souza"}]}, "http://dbpedia.org/resource/Lexie_Carver": {"http://dbpedia.org/ontology/parent": [{"type": "uri", "value": "http://dbpedia.org/resource/Celeste_Perrault"}]}, "http://dbpedia.org/resource/List_of_General_Hospital_characters_(1960s)": {"http://dbpedia.org/ontology/child": [{"type": "uri", "value": "http://dbpedia.org/resource/Steven_Webber"}]}, "http://dbpedia.org/resource/Bono": {"http://dbpedia.org/ontology/child": [{"type": "uri", "value": "http://dbpedia.org/resource/Eve_Hewson"}]}, "http://dbpedia.org/resource/Bonne_of_Berry": {"http://dbpedia.org/ontology/child": [{"type": "uri", "value": "http://dbpedia.org/resource/John_IV,_Count_of_Armagnac"}]}, "http://dbpedia.org/resource/Olympia_Valance": {"http://dbpedia.org/ontology/parent": [{"type": "uri", "value": "http://dbpedia.org/resource/Ross_Wilson_(musician)"}]}, "http://dbpedia.org/resource/Marie_of_Armagnac": {"http://dbpedia.org/ontology/parent": [{"type": "uri", "value": "http://dbpedia.org/resource/John_IV_of_Armagnac"}]}, "http://dbpedia.org/resource/Richard_Shepherd_(producer)": {"http://dbpedia.org/ontology/child": [{"type": "uri", "value": "http://dbpedia.org/resource/Scott_Shepherd_(producer)"}]}, "http://dbpedia.org/resource/Keorapetse_Kgositsile": {"http://dbpedia.org/ontology/child": [{"type": "uri", "value": "http://dbpedia.org/resource/Earl_Sweatshirt"}]}, "http://dbpedia.org/resource/Brian_Kinney": {"http://dbpedia.org/ontology/child": [{"type": "uri", "value": "http://dbpedia.org/resource/Lindsay_Peterson"}]}, "http://dbpedia.org/resource/Karthika_Thirunal_Lakshmi_Bayi": {"http://dbpedia.org/ontology/parent": [{"type": "uri", "value": "http://dbpedia.org/resource/Kilimanur_Palace"}]}, "http://dbpedia.org/resource/Kenneth_Gibbs": {"http://dbpedia.org/ontology/parent": [{"type": "uri", "value": "http://dbpedia.org/resource/Hucks_Gibbs,_1st_Baron_Aldenham"}]}, "http://dbpedia.org/resource/Cameron_Davis_(Days_of_Our_Lives)": {"http://dbpedia.org/ontology/parent": [{"type": "uri", "value": "http://dbpedia.org/resource/Celeste_Perrault"}]}, "http://dbpedia.org/resource/Kristina_Pimenova": {"http://dbpedia.org/ontology/parent": [{"type": "uri", "value": "http://dbpedia.org/resource/Ruslan_Pimenov"}]}}