{"head": {"link": [], "vars": ["president", "child", "school"]}, "results": {"distinct": false, "ordered": true, "bindings": [{"president": {"type": "uri", "value": "http://dbpedia.org/resource/Calvin_Coolidge"}, "child": {"type": "uri", "value": "http://dbpedia.org/resource/John_Coolidge"}, "school": {"type": "uri", "value": "http://dbpedia.org/resource/Amherst_College"}}, {"president": {"type": "uri", "value": "http://dbpedia.org/resource/Jimmy_Carter"}, "child": {"type": "uri", "value": "http://dbpedia.org/resource/Jack_Carter_(politician)"}, "school": {"type": "uri", "value": "http://dbpedia.org/resource/Georgia_Institute_of_Technology"}}, {"president": {"type": "uri", "value": "http://dbpedia.org/resource/Dwight_D._Eisenhower"}, "child": {"type": "uri", "value": "http://dbpedia.org/resource/John_Eisenhower"}, "school": {"type": "uri", "value": "http://dbpedia.org/resource/United_States_Military_Academy"}}]}}